point,codec,variant,image,direction,q,sub,threads,batch,path,repeats,median_fps,spread_pct,verdict,values
fv_fv_E_2k_q90_444_single,fv,fv,2k,E,90,444,1,1,single,3,5595.00,2.54,ok,5595.00 5623.00 5481.00
fv_fv_E_2k_q90_444_t8_b2,fv,fv,2k,E,90,444,8,2,async,3,3034.30,1.38,ok,3013.80 3055.60 3034.30
fv_fv_E_2k_q90_444_t32_b1,fv,fv,2k,E,90,444,32,1,async,3,3496.70,0.78,ok,3496.70 3505.40 3478.30
fv_fv_E_2k_q90_444_t32_b2,fv,fv,2k,E,90,444,32,2,async,3,3404.30,1.62,ok,3447.50 3392.40 3404.30
fv_fv_D_2k_q90_444_single,fv,fv,2k,D,90,444,1,1,single,3,1862.00,0.97,ok,1865.00 1862.00 1847.00
fv_fv_D_2k_q90_444_t8_b2,fv,fv,2k,D,90,444,8,2,async,3,2708.20,0.31,ok,2706.00 2714.40 2708.20
fv_fv_D_2k_q90_444_t32_b1,fv,fv,2k,D,90,444,32,1,async,3,3632.10,2.90,ok,3632.10 3600.50 3705.80
fv_fv_D_2k_q90_444_t32_b2,fv,fv,2k,D,90,444,32,2,async,3,3478.50,0.57,ok,3478.50 3494.20 3474.30
nv_gpu_E_2k_q90_444_single,nv,gpu,2k,E,90,444,1,1,single,3,4313.48,1.46,ok,4313.48 4345.53 4282.47
nv_gpu_E_2k_q90_444_t8_b2,nv,gpu,2k,E,90,444,8,2,async,3,3532.10,0.10,ok,3534.45 3531.03 3532.10
nv_gpu_E_2k_q90_444_t32_b1,nv,gpu,2k,E,90,444,32,1,async,3,3478.30,1.43,ok,3478.30 3478.64 3428.81
nv_gpu_E_2k_q90_444_t32_b2,nv,gpu,2k,E,90,444,32,2,async,3,3332.22,0.39,ok,3332.22 3328.25 3341.28
nv_gpu_D_2k_q90_444_single,nv,gpu,2k,D,90,444,1,1,single,3,190.62,0.65,ok,190.62 190.50 191.73
nv_gpu_D_2k_q90_444_t8_b2,nv,gpu,2k,D,90,444,8,2,async,3,1160.97,0.39,ok,1160.97 1162.64 1158.17
nv_gpu_D_2k_q90_444_t32_b1,nv,gpu,2k,D,90,444,32,1,async,3,1089.10,0.97,ok,1082.13 1089.10 1092.64
nv_gpu_D_2k_q90_444_t32_b2,nv,gpu,2k,D,90,444,32,2,async,3,1068.48,0.31,ok,1066.45 1069.74 1068.48
nv_gpu_D_2k_q90_444_batch1,nv,gpu,2k,D,90,444,1,1,native_batch,3,137.74,0.85,ok,137.74 137.51 138.68
nv_gpu_D_2k_q90_444_batch32,nv,gpu,2k,D,90,444,1,32,native_batch,3,154.88,0.79,ok,155.80 154.57 154.88
nv_gpu_D_2k_q90_444_batch64,nv,gpu,2k,D,90,444,1,64,native_batch,3,422.49,0.03,ok,422.42 422.55 422.49
nv_gpu_D_2k_q90_444_batch128,nv,gpu,2k,D,90,444,1,128,native_batch,3,741.61,1.04,ok,741.93 734.21 741.61
fv_fv_E_4k_q90_444_single,fv,fv,4k,E,90,444,1,1,single,3,2805.00,0.43,ok,2805.00 2800.00 2812.00
fv_fv_E_4k_q90_444_t8_b2,fv,fv,4k,E,90,444,8,2,async,3,805.00,0.45,ok,805.00 804.10 807.70
fv_fv_E_4k_q90_444_t32_b1,fv,fv,4k,E,90,444,32,1,async,3,846.80,1.85,ok,846.80 851.20 835.50
fv_fv_E_4k_q90_444_t32_b2,fv,fv,4k,E,90,444,32,2,async,3,848.40,1.93,ok,848.40 853.40 837.00
fv_fv_D_4k_q90_444_single,fv,fv,4k,D,90,444,1,1,single,3,1640.00,0.24,ok,1643.00 1640.00 1639.00
fv_fv_D_4k_q90_444_t8_b2,fv,fv,4k,D,90,444,8,2,async,3,790.80,2.40,ok,790.80 788.60 807.60
fv_fv_D_4k_q90_444_t32_b1,fv,fv,4k,D,90,444,32,1,async,3,894.70,0.63,ok,894.70 892.30 897.90
fv_fv_D_4k_q90_444_t32_b2,fv,fv,4k,D,90,444,32,2,async,3,839.50,0.82,ok,836.80 839.50 843.70
nv_gpu_E_4k_q90_444_single,nv,gpu,4k,E,90,444,1,1,single,3,2013.98,0.34,ok,2012.13 2019.00 2013.98
nv_gpu_E_4k_q90_444_t8_b2,nv,gpu,4k,E,90,444,8,2,async,3,950.71,0.23,ok,950.86 948.65 950.71
nv_gpu_E_4k_q90_444_t32_b1,nv,gpu,4k,E,90,444,32,1,async,3,876.73,1.80,ok,886.19 876.73 870.37
nv_gpu_E_4k_q90_444_t32_b2,nv,gpu,4k,E,90,444,32,2,async,3,870.52,0.90,ok,872.56 864.74 870.52
nv_gpu_D_4k_q90_444_single,nv,gpu,4k,D,90,444,1,1,single,3,59.06,0.25,ok,58.98 59.13 59.06
nv_gpu_D_4k_q90_444_t8_b2,nv,gpu,4k,D,90,444,8,2,async,3,267.62,0.61,ok,267.89 266.27 267.62
nv_gpu_D_4k_q90_444_t32_b1,nv,gpu,4k,D,90,444,32,1,async,3,260.72,0.42,ok,261.24 260.14 260.72
nv_gpu_D_4k_q90_444_t32_b2,nv,gpu,4k,D,90,444,32,2,async,3,258.16,0.28,ok,258.53 258.16 257.81
nv_gpu_D_4k_q90_444_batch1,nv,gpu,4k,D,90,444,1,1,native_batch,3,42.79,4.65,ok,42.91 42.79 40.92
nv_gpu_D_4k_q90_444_batch32,nv,gpu,4k,D,90,444,1,32,native_batch,3,53.46,0.58,ok,53.51 53.46 53.20
nv_gpu_D_4k_q90_444_batch64,nv,gpu,4k,D,90,444,1,64,native_batch,3,130.63,0.02,ok,130.62 130.63 130.64
nv_gpu_D_4k_q90_444_batch128,nv,gpu,4k,D,90,444,1,128,native_batch,3,225.76,1.50,ok,222.41 225.76 225.80
fv_fv_E_8k_q90_444_single,fv,fv,8k,E,90,444,1,1,single,3,715.00,0.56,ok,715.00 714.00 718.00
fv_fv_E_8k_q90_444_t8_b2,fv,fv,8k,E,90,444,8,2,async,3,191.70,0.26,ok,191.70 191.40 191.90
fv_fv_E_8k_q90_444_t32_b1,fv,fv,8k,E,90,444,32,1,async,7,104.10,25.94,wide,79.20 104.80 106.20 102.70 104.10 104.10 105.10
fv_fv_D_8k_q90_444_single,fv,fv,8k,D,90,444,1,1,single,3,515.00,0.78,ok,513.00 517.00 515.00
fv_fv_D_8k_q90_444_t8_b2,fv,fv,8k,D,90,444,8,2,async,3,193.10,1.35,ok,195.00 192.40 193.10
fv_fv_D_8k_q90_444_t32_b1,fv,fv,8k,D,90,444,32,1,async,3,6.00,1.67,ok,5.90 6.00 6.00
nv_gpu_E_8k_q90_444_single,nv,gpu,8k,E,90,444,1,1,single,3,540.76,0.79,ok,536.80 541.05 540.76
nv_gpu_E_8k_q90_444_t8_b2,nv,gpu,8k,E,90,444,8,2,async,3,234.65,1.49,ok,232.75 236.24 234.65
nv_gpu_E_8k_q90_444_t32_b1,nv,gpu,8k,E,90,444,32,1,async,3,33.93,0.41,ok,33.91 33.93 34.05
nv_gpu_D_8k_q90_444_single,nv,gpu,8k,D,90,444,1,1,single,3,14.88,0.20,ok,14.85 14.88 14.88
nv_gpu_D_8k_q90_444_t8_b2,nv,gpu,8k,D,90,444,8,2,async,3,65.23,0.41,ok,65.23 65.35 65.08
nv_gpu_D_8k_q90_444_t32_b1,nv,gpu,8k,D,90,444,32,1,async,3,63.36,3.63,ok,63.58 61.28 63.36
nv_gpu_D_8k_q90_444_batch1,nv,gpu,8k,D,90,444,1,1,native_batch,3,10.09,4.26,ok,10.52 10.09 10.09
nv_gpu_D_8k_q90_444_batch32,nv,gpu,8k,D,90,444,1,32,native_batch,3,13.20,0.38,ok,13.18 13.23 13.20
nv_gpu_D_8k_q90_444_batch64,nv,gpu,8k,D,90,444,1,64,native_batch,3,32.73,0.09,ok,32.73 32.72 32.75
