image,codec,direction,subsampling,round,fps,seconds,waited_s,samples,util_max,power_max_w,power_mean_w,clean
12k,fv,E,444,0,334.000,29.4,0,29,99,139.9,135.7,yes
12k,fv,E,420,0,456.000,27.3,0,27,99,124.6,121.2,yes
12k,fv,E,444,1,335.000,29.4,0,29,99,135.8,133.5,yes
12k,fv,E,420,1,457.000,27.3,0,27,99,123.3,119.2,yes
12k,fv,E,444,2,335.000,29.4,0,29,99,134.5,129.6,yes
12k,fv,E,420,2,457.000,27.3,0,28,99,123.5,119.3,yes
12k,fv,D,444,0,221.000,25.5,0,25,95,131.2,109.5,yes
12k,fv,D,420,0,293.000,23.2,0,23,95,128.6,119.5,yes
12k,fv,D,444,1,220.000,25.6,0,25,95,132.4,109.3,yes
12k,fv,D,420,1,295.000,23.2,0,24,95,124.9,118.3,yes
12k,fv,D,444,2,221.000,25.5,0,25,95,129.0,108.0,yes
12k,fv,D,420,2,296.000,23.1,0,23,95,123.6,120.1,yes
12k,nv,E,444,0,247.530,8.2,0,8,98,314.7,267.6,yes
12k,nv,E,420,0,360.110,5.8,0,6,97,291.6,233.0,yes
12k,nv,E,444,1,247.520,8.2,0,8,98,312.4,268.4,yes
12k,nv,E,420,1,360.090,5.8,0,6,97,290.3,229.5,yes
12k,nv,E,444,2,247.490,8.2,0,8,98,312.2,266.3,yes
12k,nv,E,420,2,360.350,5.7,0,6,97,290.4,244.7,yes
12k,nv,D,444,0,6.060,9.0,0,9,77,65.7,57.7,yes
12k,nv,D,420,0,9.960,5.5,0,5,9,65.0,63.5,yes
12k,nv,D,444,1,6.050,9.0,0,9,70,64.8,54.3,yes
12k,nv,D,420,1,10.000,5.5,0,6,9,63.8,55.3,yes
12k,nv,D,444,2,5.980,9.1,0,9,68,63.5,55.2,yes
12k,nv,D,420,2,10.000,5.5,0,5,9,62.4,55.9,yes
16k,fv,E,444,0,191.000,29.5,0,30,99,133.9,126.8,yes
16k,fv,E,420,0,262.000,27.7,0,27,99,122.5,118.0,yes
16k,fv,E,444,1,191.000,29.5,0,30,99,135.6,130.4,yes
16k,fv,E,420,1,254.000,27.7,0,27,99,127.0,119.5,yes
16k,fv,E,444,2,191.000,29.5,0,29,99,137.2,132.4,yes
16k,fv,E,420,2,261.000,27.6,0,28,99,123.7,118.9,yes
16k,fv,D,444,0,118.000,26.1,0,26,95,130.9,107.7,yes
16k,fv,D,420,0,165.000,23.3,0,23,96,126.3,122.4,yes
16k,fv,D,444,1,118.000,26.1,0,26,95,131.5,108.2,yes
16k,fv,D,420,1,165.000,23.2,0,23,95,130.6,124.7,yes
16k,fv,D,444,2,118.000,26.1,0,26,95,133.3,109.7,yes
16k,fv,D,420,2,165.000,23.3,0,23,95,126.4,123.5,yes
16k,nv,E,444,0,136.600,8.5,0,8,99,310.1,265.5,yes
16k,nv,E,420,0,204.330,5.9,0,6,98,291.6,228.8,yes
16k,nv,E,444,1,136.560,8.5,0,9,99,310.2,264.6,yes
16k,nv,E,420,1,204.210,5.9,0,6,98,291.7,238.4,yes
16k,nv,E,444,2,136.570,8.5,0,8,99,310.5,286.6,yes
16k,nv,E,420,2,204.330,5.9,0,6,98,292.4,240.6,yes
16k,nv,D,444,0,3.540,8.7,0,9,31,66.1,58.7,yes
16k,nv,D,420,0,5.630,5.6,0,5,15,65.2,59.8,yes
16k,nv,D,444,1,3.290,9.4,0,9,47,65.0,53.6,yes
16k,nv,D,420,1,5.640,5.5,0,5,15,63.7,62.2,yes
16k,nv,D,444,2,3.420,9.0,0,9,88,62.8,51.6,yes
16k,nv,D,420,2,5.650,5.5,0,6,15,62.8,59.6,yes
16k,nv,D,444,3,3.310,9.3,0,9,82,63.1,53.2,yes
16k,nv,D,420,3,5.640,5.5,0,5,16,62.6,59.2,yes
16k,nv,D,444,4,3.410,9.0,0,9,100,63.1,55.5,yes
16k,nv,D,420,4,5.650,5.5,0,6,18,63.5,53.7,yes
16k,nv,D,444,5,3.550,8.7,0,9,42,63.6,54.5,yes
16k,nv,D,420,5,5.680,5.5,0,5,18,63.1,58.2,yes
16k,nv,D,444,6,3.430,9.0,0,9,74,64.2,56.3,yes
16k,nv,D,420,6,5.670,5.5,0,6,18,63.8,55.2,yes
16k,nv,D,444,7,3.450,8.9,0,9,100,63.9,51.7,yes
16k,nv,D,420,7,5.710,5.5,0,5,18,64.1,61.9,yes
16k,nv,D,444,8,3.430,9.0,0,9,100,64.2,56.4,yes
16k,nv,D,420,8,5.680,5.5,0,6,15,64.1,55.2,yes
16k,nv,D,444,9,3.540,8.7,0,8,63,64.6,59.0,yes
16k,nv,D,420,9,5.690,5.5,0,6,37,64.5,56.3,yes
