image,width,height,quality,codec,direction,subsampling,fps,ms_per_frame,ms_per_mpix,gb_per_s_uncompressed,spread_pct,repeats,trustworthy,repeats_all
12k,11520,6480,90,fv,E,444,335.000,2.9851,0.03999,75.02,0.30,3,yes,3
12k,11520,6480,90,fv,E,420,457.000,2.1882,0.02931,102.34,0.22,3,yes,3
12k,11520,6480,90,fv,D,444,221.000,4.5249,0.06062,49.49,0.45,3,yes,3
12k,11520,6480,90,fv,D,420,295.000,3.3898,0.04541,66.06,1.02,3,yes,3
12k,11520,6480,90,nv,E,444,247.520,4.0401,0.05412,55.43,0.02,3,yes,3
12k,11520,6480,90,nv,E,420,360.110,2.7769,0.03720,80.65,0.07,3,yes,3
12k,11520,6480,90,nv,D,444,6.050,165.2893,2.21420,1.35,1.32,3,yes,3
12k,11520,6480,90,nv,D,420,10.000,100.0000,1.33959,2.24,0.40,3,yes,3
16k,15360,8640,90,fv,E,444,191.000,5.2356,0.03945,76.04,0.00,3,yes,3
16k,15360,8640,90,fv,E,420,261.000,3.8314,0.02887,103.91,3.07,3,yes,3
16k,15360,8640,90,fv,D,444,118.000,8.4746,0.06386,46.98,0.00,3,yes,3
16k,15360,8640,90,fv,D,420,165.000,6.0606,0.04567,65.69,0.00,3,yes,3
16k,15360,8640,90,nv,E,444,136.570,7.3223,0.05517,54.37,0.03,3,yes,3
16k,15360,8640,90,nv,E,420,204.330,4.8940,0.03688,81.35,0.06,3,yes,3
16k,15360,8640,90,nv,D,444,3.430,291.5452,2.19685,1.37,7.58,10,no,10
16k,15360,8640,90,nv,D,420,5.670,176.3668,1.32896,2.26,1.41,10,yes,10
