frame,mpix,variant,tool,processes,fps_total,gpix_per_s,ms_per_frame_average,output_format
02,65.41,as-is,tjbench,1,3.0314,0.1983,329.880,BGR
02,65.41,as-is,tjbench,8,23.2464,1.5205,43.017,BGR
02,65.41,as-is,tjbench,16,44.1717,2.8892,22.639,BGR
02,65.41,fv-444,tjbench,1,3.0291,0.1981,330.132,BGR
02,65.41,fv-444,tjbench,8,23.2959,1.5237,42.926,BGR
02,65.41,fv-444,tjbench,16,43.7045,2.8586,22.881,BGR
06,103.70,as-is,tjbench,1,2.5137,0.2607,397.821,BGR
06,103.70,as-is,tjbench,8,19.0657,1.9772,52.450,BGR
06,103.70,as-is,tjbench,16,35.8825,3.7211,27.869,BGR
06,103.70,fv-444,tjbench,1,2.3303,0.2417,429.128,BGR
06,103.70,fv-444,tjbench,8,17.8436,1.8504,56.042,BGR
06,103.70,fv-444,tjbench,16,33.5615,3.4804,29.796,BGR
03,128.81,as-is,tjbench,1,1.7935,0.2310,557.563,BGR
03,128.81,as-is,tjbench,8,13.7554,1.7718,72.699,BGR
03,128.81,as-is,tjbench,16,25.7733,3.3198,38.800,BGR
03,128.81,fv-444,tjbench,1,1.7943,0.2311,557.327,BGR
03,128.81,fv-444,tjbench,8,13.6762,1.7616,73.119,BGR
03,128.81,fv-444,tjbench,16,25.7578,3.3178,38.823,BGR
04,151.00,as-is,tjbench,1,1.9861,0.2999,503.504,BGR
04,151.00,as-is,tjbench,8,15.1785,2.2920,65.883,BGR
04,151.00,as-is,tjbench,16,27.5173,4.1552,36.341,BGR
04,151.00,fv-444,tjbench,1,1.8457,0.2787,541.789,BGR
04,151.00,fv-444,tjbench,8,14.1621,2.1385,70.611,BGR
04,151.00,fv-444,tjbench,16,26.5585,4.0104,37.653,BGR
