frame,mpix,direction,codec,variant,fps,ms_per_frame,gpix_per_s,spread_pct,repeats,trustworthy,repeats_all
02,65.41,D,fv,as-is,120.6192,8.291,7.890,,,,
02,65.41,D,fv,fv-420,172.7661,5.788,11.301,,,,
02,65.41,D,fv,fv-422,132.5632,7.544,8.671,,,,
02,65.41,D,fv,fv-444,120.6804,8.286,7.894,,,,
02,65.41,E,fv,-,234.9969,4.255,15.371,,,,
02,65.41,D,nv,as-is,3.3487,298.623,0.219,,,,
02,65.41,D,nv,fv-420,4.4095,226.783,0.288,,,,
02,65.41,D,nv,fv-422,3.9455,253.453,0.258,,,,
02,65.41,D,nv,fv-444,3.3242,300.824,0.217,,,,
02,65.41,E,nv,-,164.5007,6.079,10.760,,,,
03,128.81,D,fv,as-is,1.0704,934.230,0.138,,,,
03,128.81,D,fv,fv-420,103.5167,9.660,13.334,,,,
03,128.81,D,fv,fv-422,79.3290,12.606,10.218,,,,
03,128.81,D,fv,fv-444,72.2953,13.832,9.312,,,,
03,128.81,E,fv,-,136.9678,7.301,17.643,,,,
03,128.81,D,nv,as-is,1.9357,516.609,0.249,,,,
03,128.81,D,nv,fv-420,2.4293,411.641,0.313,,,,
03,128.81,D,nv,fv-422,2.1627,462.385,0.279,,,,
03,128.81,D,nv,fv-444,1.8770,532.765,0.242,,,,
03,128.81,E,nv,-,93.8456,10.656,12.088,,,,
04,151.00,D,fv,as-is,1.2231,817.595,0.185,,,,
04,151.00,D,fv,fv-420,118.7680,8.420,17.934,,,,
04,151.00,D,fv,fv-422,91.2856,10.955,13.784,,,,
04,151.00,D,fv,fv-444,84.1697,11.881,12.710,,,,
04,151.00,E,fv,-,135.3288,7.389,20.435,,,,
04,151.00,D,nv,as-is,2.1620,462.535,0.326,,,,
04,151.00,D,nv,fv-420,2.8145,355.303,0.425,,,,
04,151.00,D,nv,fv-422,2.5007,399.888,0.378,,,,
04,151.00,D,nv,fv-444,2.1065,474.721,0.318,,,,
04,151.00,E,nv,-,94.1088,10.626,14.210,,,,
06,103.70,D,fv,as-is,1.5277,654.579,0.158,,,,
06,103.70,D,fv,fv-420,140.3738,7.124,14.557,,,,
06,103.70,D,fv,fv-422,108.0461,9.255,11.204,,,,
06,103.70,D,fv,fv-444,99.0354,10.097,10.270,,,,
06,103.70,E,fv,-,176.0986,5.679,18.261,,,,
06,103.70,D,nv,as-is,2.4468,408.697,0.254,,,,
06,103.70,D,nv,fv-420,3.1857,313.903,0.330,,,,
06,103.70,D,nv,fv-422,2.8303,353.319,0.294,,,,
06,103.70,D,nv,fv-444,2.3851,419.270,0.247,,,,
06,103.70,E,nv,-,122.0137,8.196,12.653,,,,
