frame,variant,bytes,restart_interval,segments,subsampling
02,as-is,44720042,10,102200,444
02,fv-444,44712931,10,102200,444
02,fv-422,39332598,8,63875,422
02,fv-420,36273441,5,51159,420
06,as-is,55252584,0,1,444
06,fv-444,55820933,10,162035,444
06,fv-422,49118901,8,101344,422
06,fv-420,44739789,5,81075,420
03,as-is,79458136,0,1,444
03,fv-444,72358799,10,201407,444
03,fv-422,64749832,8,125879,422
03,fv-420,61386182,5,100704,420
04,as-is,64566314,0,1,444
04,fv-444,4096,10,235942,444
04,fv-422,4096,8,147464,422
04,fv-420,4096,5,117971,420
