run,codec,variant,direction,image,q,sub,threads,batch,path,repeats,median_fps,spread_pct,verdict,values
jpeg_20260925_130207,fv,fv,E,2k,90,444,1,1,single,5,5510.00,2.92,ok,5595.00 5623.00 5481.00 5462.00 5510.00
jpeg_20260925_130207,fv,fv,E,2k,90,444,8,2,async,3,3034.30,1.38,ok,3013.80 3055.60 3034.30
jpeg_20260925_130207,fv,fv,E,2k,90,444,32,1,async,5,3505.40,1.48,ok,3496.70 3505.40 3478.30 3525.80 3530.30
jpeg_20260925_130207,fv,fv,E,2k,90,444,32,2,async,3,3404.30,1.62,ok,3447.50 3392.40 3404.30
jpeg_20260925_130207,fv,fv,D,2k,90,444,1,1,single,5,1847.00,4.55,ok,1865.00 1862.00 1847.00 1781.00 1846.00
jpeg_20260925_130207,fv,fv,D,2k,90,444,8,2,async,3,2708.20,0.31,ok,2706.00 2714.40 2708.20
jpeg_20260925_130207,fv,fv,D,2k,90,444,32,1,async,5,3701.50,4.58,ok,3632.10 3600.50 3705.80 3769.90 3701.50
jpeg_20260925_130207,fv,fv,D,2k,90,444,32,2,async,3,3478.50,0.57,ok,3478.50 3494.20 3474.30
jpeg_20260925_130207,nv,gpu,E,2k,90,444,1,1,single,5,4292.06,1.55,ok,4313.48 4345.53 4282.47 4292.06 4279.10
jpeg_20260925_130207,nv,gpu,E,2k,90,444,8,2,async,5,3531.03,0.32,ok,3534.45 3531.03 3532.10 3523.08 3523.37
jpeg_20260925_130207,nv,gpu,E,2k,90,444,32,1,async,3,3478.30,1.43,ok,3478.30 3478.64 3428.81
jpeg_20260925_130207,nv,gpu,E,2k,90,444,32,2,async,3,3332.22,0.39,ok,3332.22 3328.25 3341.28
jpeg_20260925_130207,nv,gpu,D,2k,90,444,1,1,single,5,190.50,18.45,wide,190.62 190.50 191.73 189.05 156.58
jpeg_20260925_130207,nv,gpu,D,2k,90,444,8,2,async,5,1158.17,10.96,wide,1160.97 1162.64 1158.17 1061.01 1035.76
jpeg_20260925_130207,nv,gpu,D,2k,90,444,32,1,async,3,1089.10,0.97,ok,1082.13 1089.10 1092.64
jpeg_20260925_130207,nv,gpu,D,2k,90,444,32,2,async,3,1068.48,0.31,ok,1066.45 1069.74 1068.48
jpeg_20260925_130207,nv,gpu,D,2k,90,444,1,1,native_batch,3,137.74,0.85,ok,137.74 137.51 138.68
jpeg_20260925_130207,nv,gpu,D,2k,90,444,1,32,native_batch,3,154.88,0.79,ok,155.80 154.57 154.88
jpeg_20260925_130207,nv,gpu,D,2k,90,444,1,64,native_batch,3,422.49,0.03,ok,422.42 422.55 422.49
jpeg_20260925_130207,nv,gpu,D,2k,90,444,1,128,native_batch,3,741.61,1.04,ok,741.93 734.21 741.61
jpeg_20260925_130207,fv,fv,E,4k,90,444,1,1,single,5,2812.00,1.00,ok,2805.00 2800.00 2812.00 2828.00 2828.00
jpeg_20260925_130207,fv,fv,E,4k,90,444,8,2,async,3,805.00,0.45,ok,805.00 804.10 807.70
jpeg_20260925_130207,fv,fv,E,4k,90,444,32,1,async,3,846.80,1.85,ok,846.80 851.20 835.50
jpeg_20260925_130207,fv,fv,E,4k,90,444,32,2,async,5,848.40,1.93,ok,848.40 853.40 837.00 849.80 838.40
jpeg_20260925_130207,fv,fv,D,4k,90,444,1,1,single,5,1643.00,0.73,ok,1643.00 1640.00 1639.00 1651.00 1644.00
jpeg_20260925_130207,fv,fv,D,4k,90,444,8,2,async,3,790.80,2.40,ok,790.80 788.60 807.60
jpeg_20260925_130207,fv,fv,D,4k,90,444,32,1,async,5,894.70,2.55,ok,894.70 892.30 897.90 891.60 914.40
jpeg_20260925_130207,fv,fv,D,4k,90,444,32,2,async,3,839.50,0.82,ok,836.80 839.50 843.70
jpeg_20260925_130207,nv,gpu,E,4k,90,444,1,1,single,5,2016.85,0.48,ok,2012.13 2019.00 2013.98 2016.85 2021.82
jpeg_20260925_130207,nv,gpu,E,4k,90,444,8,2,async,5,950.86,1.28,ok,950.86 948.65 950.71 955.40 960.85
jpeg_20260925_130207,nv,gpu,E,4k,90,444,32,1,async,3,876.73,1.80,ok,886.19 876.73 870.37
jpeg_20260925_130207,nv,gpu,E,4k,90,444,32,2,async,3,870.52,0.90,ok,872.56 864.74 870.52
jpeg_20260925_130207,nv,gpu,D,4k,90,444,1,1,single,5,58.98,17.04,wide,58.98 59.13 59.06 58.43 49.08
jpeg_20260925_130207,nv,gpu,D,4k,90,444,8,2,async,5,266.27,2.32,ok,267.89 266.27 267.62 262.85 261.71
jpeg_20260925_130207,nv,gpu,D,4k,90,444,32,1,async,3,260.72,0.42,ok,261.24 260.14 260.72
jpeg_20260925_130207,nv,gpu,D,4k,90,444,32,2,async,3,258.16,0.28,ok,258.53 258.16 257.81
jpeg_20260925_130207,nv,gpu,D,4k,90,444,1,1,native_batch,3,42.79,4.65,ok,42.91 42.79 40.92
jpeg_20260925_130207,nv,gpu,D,4k,90,444,1,32,native_batch,3,53.46,0.58,ok,53.51 53.46 53.20
jpeg_20260925_130207,nv,gpu,D,4k,90,444,1,64,native_batch,3,130.63,0.02,ok,130.62 130.63 130.64
jpeg_20260925_130207,nv,gpu,D,4k,90,444,1,128,native_batch,3,225.76,1.50,ok,222.41 225.76 225.80
jpeg_20260925_130207,fv,fv,E,8k,90,444,1,1,single,5,715.00,0.84,ok,715.00 714.00 718.00 716.00 712.00
jpeg_20260925_130207,fv,fv,E,8k,90,444,8,2,async,5,191.90,2.71,ok,191.70 191.40 191.90 194.50 196.60
jpeg_20260925_130207,fv,fv,E,8k,90,444,32,1,async,7,104.10,25.94,wide,79.20 104.80 106.20 102.70 104.10 104.10 105.10
jpeg_20260925_130207,fv,fv,D,8k,90,444,1,1,single,5,517.00,3.48,ok,513.00 517.00 515.00 531.00 531.00
jpeg_20260925_130207,fv,fv,D,8k,90,444,8,2,async,5,195.00,9.08,wide,195.00 192.40 193.10 205.70 210.10
jpeg_20260925_130207,fv,fv,D,8k,90,444,32,1,async,3,6.00,1.67,ok,5.90 6.00 6.00
jpeg_20260925_130207,nv,gpu,E,8k,90,444,1,1,single,5,538.72,0.79,ok,536.80 541.05 540.76 538.72 538.40
jpeg_20260925_130207,nv,gpu,E,8k,90,444,8,2,async,5,236.24,2.16,ok,232.75 236.24 234.65 237.14 237.86
jpeg_20260925_130207,nv,gpu,E,8k,90,444,32,1,async,3,33.93,0.41,ok,33.91 33.93 34.05
jpeg_20260925_130207,nv,gpu,D,8k,90,444,1,1,single,5,14.85,18.79,wide,14.85 14.88 14.88 14.73 12.09
jpeg_20260925_130207,nv,gpu,D,8k,90,444,8,2,async,5,65.08,2.60,ok,65.23 65.35 65.08 64.11 63.66
jpeg_20260925_130207,nv,gpu,D,8k,90,444,32,1,async,3,63.36,3.63,ok,63.58 61.28 63.36
jpeg_20260925_130207,nv,gpu,D,8k,90,444,1,1,native_batch,3,10.09,4.26,ok,10.52 10.09 10.09
jpeg_20260925_130207,nv,gpu,D,8k,90,444,1,32,native_batch,3,13.20,0.38,ok,13.18 13.23 13.20
jpeg_20260925_130207,nv,gpu,D,8k,90,444,1,64,native_batch,3,32.73,0.09,ok,32.73 32.72 32.75
