metric,metric_id,samples,average,minimum,maximum
"",0,242733,1.896e+09,7.1e+08,2.52e+09
"",1,242733,1.71e+09,1.418e+09,2.01e+09
"",2,242733,0.00805,0,100
"",3,242733,11.9,0,1.421e+05
"",4,242733,0.1183,0,100
"",5,242733,230.1,0,2.01e+05
"",6,242733,17.88,0,100
"",7,242733,2.98e+04,0,2.01e+05
"",8,242733,0,0,0
"",9,242733,0,0,0
"",10,242733,2.025,0,100
"",11,242733,3215,0,2.01e+05
"",12,242733,1.895,0,100
"",13,242733,0,0,0
"",14,242733,1.891,0,100
"",15,242733,0.2325,0,48
"",16,242733,0,0,0
"",17,242733,0.000103,0,1
"",18,242733,0.03121,0,1700
"",19,242733,0.000103,0,1
"",20,242733,0.000136,0,3
"",21,242733,6.613,0,2.608e+05
"",22,242733,0.0001318,0,3
"",23,242733,1.804,0,100
"",24,242733,2.606e+05,0,2.357e+07
"",25,242733,1.733,0,96
"",26,242733,0.09579,0,58
"",27,242733,1.459e+04,0,1.678e+07
"",28,242733,0.09187,0,55
"",29,242733,1.335,0,82
"",30,242733,1.329,0,83
"",31,242733,10.82,0,98
"",32,242733,7.435,0,96
"",33,242733,0.004499,0,6
"",34,242733,4.532e-05,0,5
