point,image,decoder,how,threads,variant,fps,spread_pct,repeats,vs_as_is_pct,trustworthy,independent_pieces
2k_fv_single_as-is,2k,fv,single,1,as-is,1864.00,1.39,3,0.00,yes,3240
2k_fv_single_no-markers,2k,fv,single,1,no-markers,96.00,1.04,3,-94.85,yes,1
2k_fv_single_every-mcu,2k,fv,single,1,every-mcu,3296.00,1.33,3,76.82,yes,32400
2k_fv_threads32_as-is,2k,fv,threads32,32,as-is,3800.10,1.18,3,0.00,yes,3240
2k_fv_threads32_no-markers,2k,fv,threads32,32,no-markers,869.00,0.67,3,-77.13,yes,1
2k_fv_threads32_every-mcu,2k,fv,threads32,32,every-mcu,4296.70,1.60,3,13.07,yes,32400
2k_nv_batch128_as-is,2k,nv,batch128,1,as-is,173.61,0.92,3,0.00,yes,3240
2k_nv_batch128_no-markers,2k,nv,batch128,1,no-markers,746.83,0.29,3,330.18,yes,1
2k_nv_batch128_every-mcu,2k,nv,batch128,1,every-mcu,159.74,2.20,3,-7.99,yes,32400
2k_nv_single_as-is,2k,nv,single,1,as-is,174.26,3.02,3,0.00,yes,3240
2k_nv_single_no-markers,2k,nv,single,1,no-markers,177.15,4.20,3,1.66,yes,1
2k_nv_single_every-mcu,2k,nv,single,1,every-mcu,161.11,2.10,3,-7.55,yes,32400
4k_fv_single_as-is,4k,fv,single,1,as-is,1652.00,2.00,3,0.00,yes,12960
4k_fv_single_no-markers,4k,fv,single,1,no-markers,31.00,3.23,3,-98.12,yes,1
4k_fv_single_every-mcu,4k,fv,single,1,every-mcu,2035.00,0.64,3,23.18,yes,129600
4k_fv_threads32_as-is,4k,fv,threads32,32,as-is,896.40,0.97,3,0.00,yes,12960
4k_fv_threads32_no-markers,4k,fv,threads32,32,no-markers,254.50,0.67,3,-71.61,yes,1
4k_fv_threads32_every-mcu,4k,fv,threads32,32,every-mcu,924.30,4.36,3,3.11,yes,129600
4k_nv_batch128_as-is,4k,nv,batch128,1,as-is,51.12,1.66,3,0.00,yes,12960
4k_nv_batch128_no-markers,4k,nv,batch128,1,no-markers,225.46,0.17,3,341.04,yes,1
4k_nv_batch128_every-mcu,4k,nv,batch128,1,every-mcu,46.67,1.46,3,-8.71,yes,129600
4k_nv_single_as-is,4k,nv,single,1,as-is,52.68,5.35,3,0.00,yes,12960
4k_nv_single_no-markers,4k,nv,single,1,no-markers,55.87,2.04,3,6.06,yes,1
4k_nv_single_every-mcu,4k,nv,single,1,every-mcu,49.21,5.63,3,-6.59,yes,129600
8k_fv_single_as-is,8k,fv,single,1,as-is,527.00,0.76,3,0.00,yes,51840
8k_fv_single_no-markers,8k,fv,single,1,no-markers,7.00,0.00,3,-98.67,yes,1
8k_fv_single_every-mcu,8k,fv,single,1,every-mcu,650.00,1.54,3,23.34,yes,518400
8k_fv_threads8_as-is,8k,fv,threads8,8,as-is,196.50,3.77,3,0.00,yes,51840
8k_fv_threads8_no-markers,8k,fv,threads8,8,no-markers,46.00,6.96,3,-76.59,yes,1
8k_fv_threads8_every-mcu,8k,fv,threads8,8,every-mcu,212.30,2.83,3,8.04,yes,518400
8k_nv_single_as-is,8k,nv,single,1,as-is,14.50,6.62,3,0.00,yes,51840
8k_nv_single_no-markers,8k,nv,single,1,no-markers,14.76,2.30,3,1.79,yes,1
8k_nv_single_every-mcu,8k,nv,single,1,every-mcu,12.54,1.44,3,-13.52,yes,518400
