time,label,util_pct,power_w,sm_mhz
13:56:20.533,start,0,44.9,450
13:56:21.538,start,0,41.8,2520
13:56:22.546,start,0,62.4,2520
13:56:23.552,start,68,68.9,2745
13:56:24.557,start,91,109.0,2745
13:56:25.560,start,91,131.7,2745
13:56:26.563,start,91,133.0,2745
13:56:27.569,start,15,117.8,2745
13:56:28.578,start,92,101.1,2745
13:56:29.587,start,90,133.1,2745
13:56:30.588,start,92,133.1,2745
13:56:31.589,start,93,133.5,2745
13:56:32.598,start,91,99.2,2745
13:56:33.599,start,89,125.8,2745
13:56:34.599,start,92,125.9,2745
13:56:35.601,start,93,127.1,2745
13:56:36.606,04_fv_D_as-is_0,0,85.0,2745
13:56:37.613,04_fv_D_as-is_0,0,75.8,2520
13:56:38.614,04_fv_D_as-is_0,31,65.0,2520
13:56:39.624,04_fv_D_as-is_0,0,64.9,2520
13:56:40.631,04_fv_D_as-is_0,0,63.3,2520
13:56:41.639,04_fv_D_as-is_0,0,63.0,2520
13:56:42.644,04_fv_D_as-is_0,31,64.5,1290
13:56:43.651,04_fv_D_as-is_0,55,40.8,2520
13:56:44.651,04_fv_D_fv-444_0,91,97.7,2745
13:56:45.652,04_fv_D_fv-444_0,91,132.9,2745
13:56:46.653,04_fv_D_fv-444_0,91,133.5,2745
13:56:47.657,04_fv_D_fv-444_0,91,132.7,2745
13:56:48.663,04_fv_D_fv-444_0,92,134.2,2745
13:56:49.665,04_fv_D_fv-444_0,91,133.0,2745
13:56:50.667,04_fv_D_fv-444_0,91,134.6,2745
13:56:51.675,04_fv_D_fv-444_0,91,133.4,2745
13:56:52.685,04_fv_D_fv-444_0,91,134.8,2745
13:56:53.694,04_fv_D_fv-444_0,89,133.5,2745
13:56:54.695,04_fv_D_fv-444_0,90,133.7,2745
13:56:55.705,04_fv_D_fv-444_0,91,134.4,2745
13:56:56.708,04_fv_D_fv-444_0,91,133.0,2745
13:56:57.710,04_fv_D_fv-444_0,91,135.0,2745
13:56:58.714,04_fv_D_fv-444_0,90,133.4,2745
13:56:59.716,04_fv_D_fv-444_0,91,135.1,2745
13:57:00.716,04_fv_D_fv-444_0,90,134.5,2745
13:57:01.720,04_fv_D_fv-444_0,89,134.5,2745
13:57:02.722,04_fv_D_fv-444_0,91,135.3,2745
13:57:03.725,04_fv_D_fv-444_0,92,134.5,2745
13:57:04.728,04_fv_D_fv-444_0,91,135.3,2745
13:57:05.737,04_fv_D_fv-422_0,43,116.8,2745
13:57:06.738,04_fv_D_fv-422_0,92,127.4,2745
13:57:07.746,04_fv_D_fv-422_0,92,135.7,2745
13:57:08.754,04_fv_D_fv-422_0,90,135.9,2745
13:57:09.763,04_fv_D_fv-422_0,92,136.1,2745
13:57:10.771,04_fv_D_fv-422_0,93,136.2,2745
13:57:11.772,04_fv_D_fv-422_0,92,137.1,2745
13:57:12.773,04_fv_D_fv-422_0,91,137.1,2745
13:57:13.782,04_fv_D_fv-422_0,90,136.7,2745
13:57:14.784,04_fv_D_fv-422_0,91,136.3,2745
13:57:15.794,04_fv_D_fv-422_0,90,136.8,2745
13:57:16.803,04_fv_D_fv-422_0,92,136.7,2745
13:57:17.803,04_fv_D_fv-422_0,92,136.8,2745
13:57:18.804,04_fv_D_fv-422_0,90,136.7,2745
13:57:19.805,04_fv_D_fv-422_0,92,136.4,2745
13:57:20.809,04_fv_D_fv-422_0,93,136.6,2745
13:57:21.810,04_fv_D_fv-422_0,93,136.7,2745
13:57:22.813,04_fv_D_fv-422_0,92,140.4,2745
13:57:23.816,04_fv_D_fv-422_0,90,137.5,2745
13:57:24.819,04_fv_D_fv-422_0,92,137.9,2745
13:57:25.828,04_fv_D_fv-422_0,93,137.8,2745
13:57:26.830,04_fv_D_fv-422_0,92,138.3,2745
13:57:27.830,04_fv_D_fv-422_0,91,138.5,2745
13:57:28.840,04_fv_D_fv-420_0,91,113.7,2745
13:57:29.843,04_fv_D_fv-420_0,91,131.0,2745
13:57:30.844,04_fv_D_fv-420_0,91,131.2,2745
13:57:31.846,04_fv_D_fv-420_0,89,131.1,2745
13:57:32.856,04_fv_D_fv-420_0,91,131.4,2745
13:57:33.866,04_fv_D_fv-420_0,92,131.3,2745
13:57:34.866,04_fv_D_fv-420_0,93,131.2,2745
13:57:35.868,04_fv_D_fv-420_0,93,131.3,2745
13:57:36.871,04_fv_D_fv-420_0,93,131.3,2745
13:57:37.873,04_fv_D_fv-420_0,93,131.3,2745
13:57:38.875,04_fv_D_fv-420_0,93,131.4,2745
13:57:39.878,04_fv_D_fv-420_0,93,131.4,2745
13:57:40.882,04_fv_D_fv-420_0,92,131.0,2745
13:57:41.882,04_fv_D_fv-420_0,91,130.7,2745
13:57:42.883,04_fv_D_fv-420_0,91,130.3,2745
13:57:43.885,04_fv_D_fv-420_0,91,129.9,2745
13:57:44.887,04_fv_D_fv-420_0,91,129.7,2745
13:57:45.896,04_fv_D_fv-420_0,91,129.5,2745
13:57:46.897,04_fv_D_fv-420_0,91,129.3,2745
13:57:47.900,04_fv_D_fv-420_0,91,129.5,2745
13:57:48.901,04_fv_D_fv-420_0,91,130.1,2745
13:57:49.902,04_fv_D_fv-420_0,91,130.1,2745
13:57:50.904,04_fv_D_fv-420_0,91,130.4,2745
13:57:51.905,04_fv_D_fv-420_0,91,130.4,2745
13:57:52.907,04_fv_D_fv-420_0,91,130.4,2745
13:57:53.910,04_fv_D_fv-420_0,91,130.2,2745
13:57:54.920,04_fv_D_as-is_1,8,115.4,2745
13:57:55.927,04_fv_D_as-is_1,31,81.1,2745
13:57:56.928,04_fv_D_as-is_1,0,81.2,2520
13:57:57.936,04_fv_D_as-is_1,0,67.3,2520
13:57:58.945,04_fv_D_as-is_1,0,65.6,2520
13:57:59.955,04_fv_D_as-is_1,0,65.3,2520
13:58:00.958,04_fv_D_as-is_1,0,67.0,1290
13:58:01.967,04_fv_D_as-is_1,0,41.0,1455
13:58:02.967,04_fv_D_fv-444_1,1,27.8,2520
13:58:03.969,04_fv_D_fv-444_1,91,107.9,2745
13:58:04.973,04_fv_D_fv-444_1,91,133.9,2745
13:58:05.975,04_fv_D_fv-444_1,91,135.2,2745
13:58:06.978,04_fv_D_fv-444_1,90,133.6,2745
13:58:07.980,04_fv_D_fv-444_1,91,134.8,2745
13:58:08.982,04_fv_D_fv-444_1,89,133.5,2745
13:58:09.986,04_fv_D_fv-444_1,91,134.5,2745
13:58:10.991,04_fv_D_fv-444_1,90,134.1,2745
13:58:11.995,04_fv_D_fv-444_1,91,134.2,2745
13:58:13.000,04_fv_D_fv-444_1,91,134.3,2745
13:58:14.006,04_fv_D_fv-444_1,91,133.8,2745
13:58:15.009,04_fv_D_fv-444_1,91,134.1,2745
13:58:16.014,04_fv_D_fv-444_1,91,133.3,2745
13:58:17.020,04_fv_D_fv-444_1,91,134.3,2745
13:58:18.022,04_fv_D_fv-444_1,91,133.5,2745
13:58:19.026,04_fv_D_fv-444_1,91,134.5,2745
13:58:20.031,04_fv_D_fv-444_1,91,132.9,2745
13:58:21.035,04_fv_D_fv-444_1,91,134.1,2745
13:58:22.038,04_fv_D_fv-444_1,91,132.5,2745
13:58:23.043,04_fv_D_fv-444_1,91,133.9,2745
13:58:24.045,04_fv_D_fv-444_1,90,132.5,2745
13:58:25.053,04_fv_D_fv-422_1,90,113.4,2745
13:58:26.061,04_fv_D_fv-422_1,92,134.0,2745
13:58:27.070,04_fv_D_fv-422_1,93,134.2,2745
13:58:28.071,04_fv_D_fv-422_1,92,134.9,2745
13:58:29.072,04_fv_D_fv-422_1,91,134.4,2745
13:58:30.073,04_fv_D_fv-422_1,90,134.0,2745
13:58:31.073,04_fv_D_fv-422_1,92,133.8,2745
13:58:32.080,04_fv_D_fv-422_1,93,133.6,2745
13:58:33.086,04_fv_D_fv-422_1,92,134.2,2745
13:58:34.086,04_fv_D_fv-422_1,92,133.9,2745
13:58:35.088,04_fv_D_fv-422_1,90,133.9,2745
13:58:36.089,04_fv_D_fv-422_1,92,133.4,2745
13:58:37.092,04_fv_D_fv-422_1,93,133.6,2745
13:58:38.099,04_fv_D_fv-422_1,92,133.4,2745
13:58:39.108,04_fv_D_fv-422_1,93,133.3,2745
13:58:40.117,04_fv_D_fv-422_1,92,133.7,2745
13:58:41.117,04_fv_D_fv-422_1,92,133.2,2745
13:58:42.126,04_fv_D_fv-422_1,90,132.8,2745
13:58:43.127,04_fv_D_fv-422_1,92,133.0,2745
13:58:44.128,04_fv_D_fv-422_1,93,133.0,2745
13:58:45.131,04_fv_D_fv-422_1,92,133.4,2745
13:58:46.135,04_fv_D_fv-422_1,92,133.0,2745
13:58:47.141,04_fv_D_fv-420_1,69,112.1,2745
13:58:48.141,04_fv_D_fv-420_1,91,125.0,2745
13:58:49.151,04_fv_D_fv-420_1,91,126.5,2745
13:58:50.153,04_fv_D_fv-420_1,91,126.4,2745
13:58:51.154,04_fv_D_fv-420_1,91,126.7,2745
13:58:52.155,04_fv_D_fv-420_1,93,127.2,2745
13:58:53.157,04_fv_D_fv-420_1,93,127.1,2745
13:58:54.161,04_fv_D_fv-420_1,93,126.8,2745
13:58:55.163,04_fv_D_fv-420_1,92,127.0,2745
13:58:56.165,04_fv_D_fv-420_1,93,126.7,2745
13:58:57.167,04_fv_D_fv-420_1,93,126.8,2745
13:58:58.176,04_fv_D_fv-420_1,93,126.9,2745
13:58:59.182,04_fv_D_fv-420_1,92,126.5,2745
13:59:00.183,04_fv_D_fv-420_1,91,126.1,2745
13:59:01.185,04_fv_D_fv-420_1,93,126.1,2745
13:59:02.194,04_fv_D_fv-420_1,93,127.5,2745
13:59:03.195,04_fv_D_fv-420_1,92,127.2,2745
13:59:04.196,04_fv_D_fv-420_1,91,127.1,2745
13:59:05.206,04_fv_D_fv-420_1,91,127.1,2745
13:59:06.207,04_fv_D_fv-420_1,91,127.1,2745
13:59:07.208,04_fv_D_fv-420_1,91,127.3,2745
13:59:08.214,04_fv_D_fv-420_1,91,127.4,2745
13:59:09.216,04_fv_D_fv-420_1,93,120.5,2745
13:59:10.223,04_fv_D_fv-420_1,92,128.5,2745
13:59:11.227,04_fv_D_fv-420_1,91,128.0,2745
13:59:12.232,04_fv_D_fv-420_1,93,128.0,2745
13:59:13.236,04_fv_D_fv-420_1,93,128.8,2745
13:59:14.245,04_fv_D_as-is_2,0,91.1,2745
13:59:15.249,04_fv_D_as-is_2,0,78.8,2745
13:59:16.251,04_fv_D_as-is_2,0,71.6,2520
13:59:17.254,04_fv_D_as-is_2,10,66.4,2520
13:59:18.254,04_fv_D_as-is_2,0,64.7,2520
13:59:19.265,04_fv_D_as-is_2,0,64.9,2520
13:59:20.268,04_fv_D_as-is_2,1,53.1,1080
13:59:21.270,04_fv_D_as-is_2,14,27.9,690
13:59:22.278,04_fv_D_fv-444_2,91,75.2,2745
13:59:23.282,04_fv_D_fv-444_2,91,134.0,2745
13:59:24.290,04_fv_D_fv-444_2,91,133.8,2745
13:59:25.292,04_fv_D_fv-444_2,88,133.2,2745
13:59:26.296,04_fv_D_fv-444_2,91,134.4,2745
13:59:27.301,04_fv_D_fv-444_2,90,133.6,2745
13:59:28.303,04_fv_D_fv-444_2,91,134.5,2745
13:59:29.304,04_fv_D_fv-444_2,91,134.5,2745
13:59:30.308,04_fv_D_fv-444_2,91,134.3,2745
13:59:31.310,04_fv_D_fv-444_2,92,134.5,2745
13:59:32.311,04_fv_D_fv-444_2,91,134.0,2745
13:59:33.316,04_fv_D_fv-444_2,91,135.4,2745
13:59:34.318,04_fv_D_fv-444_2,91,133.9,2745
13:59:35.320,04_fv_D_fv-444_2,91,135.3,2745
13:59:36.323,04_fv_D_fv-444_2,91,134.0,2745
13:59:37.326,04_fv_D_fv-444_2,91,135.3,2745
13:59:38.332,04_fv_D_fv-444_2,89,134.3,2745
13:59:39.334,04_fv_D_fv-444_2,91,135.8,2745
13:59:40.336,04_fv_D_fv-444_2,90,135.6,2745
13:59:41.339,04_fv_D_fv-444_2,91,135.6,2745
13:59:42.344,04_fv_D_fv-444_2,92,135.8,2745
13:59:43.354,04_fv_D_fv-422_2,2,130.0,2745
13:59:44.358,04_fv_D_fv-422_2,90,114.5,2745
13:59:45.360,04_fv_D_fv-422_2,92,136.4,2745
13:59:46.367,04_fv_D_fv-422_2,92,136.6,2745
13:59:47.367,04_fv_D_fv-422_2,92,136.9,2745
13:59:48.377,04_fv_D_fv-422_2,90,136.8,2745
13:59:49.386,04_fv_D_fv-422_2,90,136.7,2745
13:59:50.388,04_fv_D_fv-422_2,93,136.6,2745
13:59:51.397,04_fv_D_fv-422_2,92,136.5,2745
13:59:52.397,04_fv_D_fv-422_2,92,139.9,2745
13:59:53.400,04_fv_D_fv-422_2,90,138.2,2745
13:59:54.400,04_fv_D_fv-422_2,92,137.8,2745
13:59:55.401,04_fv_D_fv-422_2,92,137.9,2745
13:59:56.402,04_fv_D_fv-422_2,92,137.8,2745
13:59:57.403,04_fv_D_fv-422_2,90,138.1,2745
13:59:58.406,04_fv_D_fv-422_2,93,138.3,2745
13:59:59.415,04_fv_D_fv-422_2,92,138.1,2745
14:00:00.424,04_fv_D_fv-422_2,91,137.9,2745
14:00:01.433,04_fv_D_fv-422_2,90,137.9,2745
14:00:02.434,04_fv_D_fv-422_2,92,137.8,2745
14:00:03.443,04_fv_D_fv-422_2,93,138.0,2745
14:00:04.443,04_fv_D_fv-422_2,92,138.0,2745
14:00:05.452,04_fv_D_fv-422_2,91,137.5,2745
14:00:06.458,04_fv_D_fv-420_2,90,115.3,2745
14:00:07.466,04_fv_D_fv-420_2,91,130.5,2745
14:00:08.472,04_fv_D_fv-420_2,91,131.1,2745
14:00:09.472,04_fv_D_fv-420_2,91,130.9,2745
14:00:10.481,04_fv_D_fv-420_2,93,130.5,2745
14:00:11.489,04_fv_D_fv-420_2,93,130.2,2745
14:00:12.498,04_fv_D_fv-420_2,93,130.5,2745
14:00:13.507,04_fv_D_fv-420_2,93,130.4,2745
14:00:14.516,04_fv_D_fv-420_2,93,130.1,2745
14:00:15.525,04_fv_D_fv-420_2,93,130.5,2745
14:00:16.533,04_fv_D_fv-420_2,93,130.2,2745
14:00:17.539,04_fv_D_fv-420_2,92,129.8,2745
14:00:18.547,04_fv_D_fv-420_2,91,129.9,2745
14:00:19.555,04_fv_D_fv-420_2,91,129.0,2745
14:00:20.563,04_fv_D_fv-420_2,91,129.3,2745
14:00:21.572,04_fv_D_fv-420_2,91,129.4,2745
14:00:22.579,04_fv_D_fv-420_2,91,129.3,2745
14:00:23.588,04_fv_D_fv-420_2,91,129.0,2745
14:00:24.597,04_fv_D_fv-420_2,91,129.4,2745
14:00:25.604,04_fv_D_fv-420_2,91,129.2,2745
14:00:26.612,04_fv_D_fv-420_2,91,129.2,2745
14:00:27.618,04_fv_D_fv-420_2,91,129.2,2745
14:00:28.623,04_fv_D_fv-420_2,90,129.6,2745
14:00:29.631,04_fv_D_fv-420_2,91,129.4,2745
14:00:30.637,04_fv_D_fv-420_2,91,129.7,2745
14:00:31.643,04_fv_D_fv-420_2,91,129.8,2745
14:00:32.649,gap,0,104.5,2745
14:00:33.656,gap,1,79.4,2745
14:00:34.661,gap,54,71.1,2520
14:00:35.661,gap,37,66.6,2520
14:00:36.662,gap,15,66.5,2520
14:00:37.662,gap,0,66.2,2520
14:00:38.672,gap,0,66.1,2520
14:00:39.681,gap,25,65.8,2520
14:00:40.691,gap,14,66.1,2520
14:00:41.691,gap,0,65.8,2520
14:00:42.700,gap,0,64.7,2520
14:00:43.709,04_nv_D_as-is_0,0,64.8,2520
14:00:44.719,04_nv_D_as-is_0,0,64.2,2520
14:00:45.729,04_nv_D_as-is_0,0,64.2,2520
14:00:46.739,04_nv_D_as-is_0,7,64.4,2520
14:00:47.748,04_nv_D_as-is_0,36,64.4,2520
14:00:48.757,04_nv_D_as-is_0,0,64.3,2520
14:00:49.766,04_nv_D_as-is_0,0,63.6,1425
14:00:50.773,04_nv_D_as-is_0,0,46.3,1905
14:00:51.781,04_nv_D_as-is_0,0,49.2,1905
14:00:52.789,04_nv_D_fv-444_0,13,55.8,2520
14:00:53.799,04_nv_D_fv-444_0,36,64.7,2520
14:00:54.809,04_nv_D_fv-444_0,22,64.6,2520
14:00:55.809,04_nv_D_fv-444_0,0,64.5,2520
14:00:56.818,04_nv_D_fv-444_0,0,63.8,2520
14:00:57.828,04_nv_D_fv-444_0,0,63.3,2520
14:00:58.828,04_nv_D_fv-444_0,0,63.0,1320
14:00:59.835,04_nv_D_fv-444_0,0,56.1,2550
14:01:00.835,04_nv_D_fv-422_0,0,64.9,2550
14:01:01.840,04_nv_D_fv-422_0,0,60.2,2520
14:01:02.843,04_nv_D_fv-422_0,24,62.6,2520
14:01:03.853,04_nv_D_fv-422_0,0,62.7,2520
14:01:04.856,04_nv_D_fv-422_0,0,62.8,2520
14:01:05.858,04_nv_D_fv-422_0,0,62.6,2520
14:01:06.859,04_nv_D_fv-422_0,0,62.5,2520
14:01:07.864,04_nv_D_fv-422_0,24,61.7,1065
14:01:08.873,04_nv_D_fv-422_0,23,33.6,1455
14:01:09.876,04_nv_D_fv-420_0,3,24.4,2520
14:01:10.877,04_nv_D_fv-420_0,0,58.9,2520
14:01:11.885,04_nv_D_fv-420_0,0,62.0,2520
14:01:12.893,04_nv_D_fv-420_0,0,61.6,2520
14:01:13.902,04_nv_D_fv-420_0,0,61.8,2520
14:01:14.909,04_nv_D_fv-420_0,13,62.4,2520
14:01:15.916,04_nv_D_fv-420_0,19,62.8,2520
14:01:16.916,04_nv_D_fv-420_0,19,62.5,930
14:01:17.926,04_nv_D_fv-420_0,0,33.5,750
14:01:18.930,04_nv_D_as-is_1,1,33.5,2520
14:01:19.933,04_nv_D_as-is_1,0,62.2,2520
14:01:20.935,04_nv_D_as-is_1,0,62.2,2520
14:01:21.936,04_nv_D_as-is_1,0,62.4,2520
14:01:22.937,04_nv_D_as-is_1,36,62.9,2520
14:01:23.939,04_nv_D_as-is_1,0,62.7,2520
14:01:24.939,04_nv_D_as-is_1,0,62.2,1425
14:01:25.942,04_nv_D_as-is_1,78,33.3,1215
14:01:26.944,04_nv_D_as-is_1,15,22.9,885
14:01:27.949,04_nv_D_fv-444_1,30,29.3,2520
14:01:28.958,04_nv_D_fv-444_1,36,63.5,2520
14:01:29.967,04_nv_D_fv-444_1,23,63.0,2520
14:01:30.968,04_nv_D_fv-444_1,0,62.6,2520
14:01:31.977,04_nv_D_fv-444_1,0,61.8,2520
14:01:32.986,04_nv_D_fv-444_1,0,62.1,2520
14:01:33.991,04_nv_D_fv-444_1,0,62.5,1320
14:01:35.000,04_nv_D_fv-444_1,0,47.0,2100
14:01:36.008,04_nv_D_fv-444_1,0,49.2,2100
14:01:37.017,04_nv_D_fv-422_1,1,45.0,2520
14:01:38.026,04_nv_D_fv-422_1,0,61.7,2520
14:01:39.035,04_nv_D_fv-422_1,0,62.3,2520
14:01:40.044,04_nv_D_fv-422_1,22,61.9,2520
14:01:41.052,04_nv_D_fv-422_1,0,62.6,2520
14:01:42.061,04_nv_D_fv-422_1,6,62.3,2520
14:01:43.071,04_nv_D_fv-422_1,0,62.4,1050
14:01:44.074,04_nv_D_fv-422_1,0,45.5,1395
14:01:45.074,04_nv_D_fv-420_1,0,29.3,1215
14:01:46.081,04_nv_D_fv-420_1,12,44.6,2520
14:01:47.089,04_nv_D_fv-420_1,19,62.8,2520
14:01:48.099,04_nv_D_fv-420_1,19,63.4,2520
14:01:49.099,04_nv_D_fv-420_1,19,63.0,2520
14:01:50.108,04_nv_D_fv-420_1,19,63.5,2520
14:01:51.116,04_nv_D_fv-420_1,19,64.0,2520
14:01:52.125,04_nv_D_fv-420_1,12,50.2,930
14:01:53.133,04_nv_D_fv-420_1,0,25.8,510
14:01:54.142,04_nv_D_as-is_2,1,30.0,2520
14:01:55.144,04_nv_D_as-is_2,0,63.5,2520
14:01:56.148,04_nv_D_as-is_2,0,63.2,2520
14:01:57.149,04_nv_D_as-is_2,0,63.3,2520
14:01:58.150,04_nv_D_as-is_2,19,63.8,2520
14:01:59.151,04_nv_D_as-is_2,21,64.2,2520
14:02:00.153,04_nv_D_as-is_2,0,64.2,2520
14:02:01.154,04_nv_D_as-is_2,0,53.6,1800
14:02:02.156,04_nv_D_as-is_2,0,48.5,1800
14:02:03.166,04_nv_D_fv-444_2,45,58.6,2520
14:02:04.166,04_nv_D_fv-444_2,0,64.0,2520
14:02:05.166,04_nv_D_fv-444_2,0,63.4,2520
14:02:06.166,04_nv_D_fv-444_2,0,63.5,2520
14:02:07.175,04_nv_D_fv-444_2,0,62.9,2520
14:02:08.184,04_nv_D_fv-444_2,0,63.1,2520
14:02:09.193,04_nv_D_fv-444_2,75,50.5,1185
14:02:10.202,04_nv_D_fv-444_2,0,28.8,1080
14:02:11.211,04_nv_D_fv-444_2,100,22.2,2520
14:02:12.220,04_nv_D_fv-422_2,0,59.8,2520
14:02:13.220,04_nv_D_fv-422_2,24,64.1,2520
14:02:14.230,04_nv_D_fv-422_2,0,63.2,2520
14:02:15.240,04_nv_D_fv-422_2,0,62.9,2520
14:02:16.249,04_nv_D_fv-422_2,24,62.7,2520
14:02:17.255,04_nv_D_fv-422_2,0,63.1,2520
14:02:18.263,04_nv_D_fv-422_2,3,63.3,2520
14:02:19.272,04_nv_D_fv-422_2,0,49.8,1530
14:02:20.280,04_nv_D_fv-422_2,0,23.5,825
14:02:21.288,04_nv_D_fv-420_2,0,49.0,2520
14:02:22.297,04_nv_D_fv-420_2,0,63.0,2520
14:02:23.304,04_nv_D_fv-420_2,0,63.2,2520
14:02:24.313,04_nv_D_fv-420_2,0,63.1,2520
14:02:25.321,04_nv_D_fv-420_2,0,63.5,2520
14:02:26.327,04_nv_D_fv-420_2,0,63.9,2520
14:02:27.336,04_nv_D_fv-420_2,28,49.2,915
14:02:28.345,04_nv_D_fv-420_2,0,25.4,525
14:02:29.355,04_nv_D_as-is_3,29,20.1,975
14:02:30.363,04_nv_D_as-is_3,0,53.9,2520
14:02:31.372,04_nv_D_as-is_3,0,63.2,2520
14:02:32.381,04_nv_D_as-is_3,0,63.1,2520
14:02:33.390,04_nv_D_as-is_3,36,63.6,2520
14:02:34.399,04_nv_D_as-is_3,0,63.7,2520
14:02:35.406,04_nv_D_as-is_3,0,63.5,2520
14:02:36.406,04_nv_D_as-is_3,0,56.1,2520
14:02:37.406,04_nv_D_as-is_3,0,63.4,2520
14:02:38.415,04_nv_D_fv-444_3,1,61.7,2520
14:02:39.423,04_nv_D_fv-444_3,0,64.2,2520
14:02:40.432,04_nv_D_fv-444_3,0,63.8,2520
14:02:41.441,04_nv_D_fv-444_3,0,64.1,2520
14:02:42.450,04_nv_D_fv-444_3,0,64.2,2520
14:02:43.459,04_nv_D_fv-444_3,29,64.2,2520
14:02:44.469,04_nv_D_fv-444_3,33,64.5,2520
14:02:45.470,04_nv_D_fv-444_3,92,51.8,2520
14:02:46.479,04_nv_D_fv-444_3,17,61.9,2520
14:02:47.479,04_nv_D_fv-422_3,0,65.9,2520
14:02:48.489,04_nv_D_fv-422_3,0,64.9,2520
14:02:49.495,04_nv_D_fv-422_3,24,64.9,2520
14:02:50.504,04_nv_D_fv-422_3,0,64.8,2520
14:02:51.513,04_nv_D_fv-422_3,0,64.8,2520
14:02:52.514,04_nv_D_fv-422_3,0,64.0,2520
14:02:53.522,04_nv_D_fv-422_3,0,64.7,2520
14:02:54.531,04_nv_D_fv-422_3,26,56.1,1485
14:02:55.540,04_nv_D_fv-420_3,19,44.6,2520
14:02:56.549,04_nv_D_fv-420_3,15,64.1,2520
14:02:57.557,04_nv_D_fv-420_3,7,64.6,2520
14:02:58.564,04_nv_D_fv-420_3,0,64.4,2520
14:02:59.564,04_nv_D_fv-420_3,0,64.9,2520
14:03:00.570,04_nv_D_fv-420_3,0,64.9,2520
14:03:01.570,04_nv_D_fv-420_3,0,65.1,2520
14:03:02.579,04_nv_D_fv-420_3,0,47.5,975
14:03:03.580,04_nv_D_as-is_4,79,25.4,465
14:03:04.580,04_nv_D_as-is_4,0,43.1,2520
14:03:05.589,04_nv_D_as-is_4,0,66.1,2520
14:03:06.597,04_nv_D_as-is_4,0,65.8,2520
14:03:07.598,04_nv_D_as-is_4,0,65.1,2520
14:03:08.599,04_nv_D_as-is_4,0,65.0,2520
14:03:09.600,04_nv_D_as-is_4,0,65.0,2520
14:03:10.608,04_nv_D_as-is_4,36,65.5,2520
14:03:11.617,04_nv_D_as-is_4,87,48.5,1125
14:03:12.627,04_nv_D_fv-444_4,6,25.8,705
14:03:13.635,04_nv_D_fv-444_4,19,65.4,2520
14:03:14.643,04_nv_D_fv-444_4,0,65.6,2520
14:03:15.652,04_nv_D_fv-444_4,0,65.2,2520
14:03:16.652,04_nv_D_fv-444_4,0,65.6,2520
14:03:17.654,04_nv_D_fv-444_4,0,65.5,2520
14:03:18.664,04_nv_D_fv-444_4,35,64.5,1320
14:03:19.664,04_nv_D_fv-444_4,0,49.3,2235
14:03:20.664,04_nv_D_fv-444_4,36,52.8,2235
14:03:21.665,04_nv_D_fv-422_4,0,51.5,2520
14:03:22.674,04_nv_D_fv-422_4,0,65.2,2520
14:03:23.680,04_nv_D_fv-422_4,12,64.6,2520
14:03:24.690,04_nv_D_fv-422_4,0,65.2,2520
14:03:25.690,04_nv_D_fv-422_4,9,65.2,2520
14:03:26.691,04_nv_D_fv-422_4,0,65.3,2520
14:03:27.700,04_nv_D_fv-422_4,0,64.8,1110
14:03:28.709,04_nv_D_fv-422_4,0,32.4,1290
14:03:29.710,04_nv_D_fv-422_4,0,22.2,630
14:03:30.716,04_nv_D_fv-420_4,0,47.8,2520
14:03:31.726,04_nv_D_fv-420_4,0,66.0,2520
14:03:32.734,04_nv_D_fv-420_4,0,65.7,2520
14:03:33.743,04_nv_D_fv-420_4,0,65.5,2520
14:03:34.750,04_nv_D_fv-420_4,0,65.9,2520
14:03:35.758,04_nv_D_fv-420_4,0,65.7,2520
14:03:36.765,04_nv_D_fv-420_4,0,64.9,915
14:03:37.775,04_nv_D_fv-420_4,0,32.0,840
14:03:38.785,04_nv_D_as-is_5,100,21.9,495
14:03:39.792,04_nv_D_as-is_5,0,62.2,2520
14:03:40.792,04_nv_D_as-is_5,0,65.7,2520
14:03:41.802,04_nv_D_as-is_5,26,66.1,2520
14:03:42.811,04_nv_D_as-is_5,13,66.6,2520
14:03:43.820,04_nv_D_as-is_5,0,66.3,2520
14:03:44.830,04_nv_D_as-is_5,0,65.4,2520
14:03:45.838,04_nv_D_as-is_5,0,64.6,1155
14:03:46.845,04_nv_D_as-is_5,0,58.6,2520
14:03:47.845,04_nv_D_fv-444_5,0,66.6,2520
14:03:48.854,04_nv_D_fv-444_5,0,66.0,2520
14:03:49.864,04_nv_D_fv-444_5,0,65.8,2520
14:03:50.873,04_nv_D_fv-444_5,0,65.8,2520
14:03:51.882,04_nv_D_fv-444_5,5,66.2,2520
14:03:52.892,04_nv_D_fv-444_5,36,66.7,2520
14:03:53.900,04_nv_D_fv-444_5,0,66.3,1305
14:03:54.910,04_nv_D_fv-444_5,100,31.7,990
14:03:55.920,04_nv_D_fv-444_5,0,25.8,885
14:03:56.930,04_nv_D_fv-422_5,27,25.6,645
14:03:57.937,04_nv_D_fv-422_5,24,60.6,2520
14:03:58.944,04_nv_D_fv-422_5,0,66.7,2520
14:03:59.944,04_nv_D_fv-422_5,0,66.5,2520
14:04:00.953,04_nv_D_fv-422_5,8,66.1,2520
14:04:01.962,04_nv_D_fv-422_5,0,66.9,2520
14:04:02.971,04_nv_D_fv-422_5,8,66.6,2520
14:04:03.981,04_nv_D_fv-422_5,0,65.8,1050
14:04:04.991,04_nv_D_fv-422_5,42,31.9,1500
14:04:05.999,04_nv_D_fv-420_5,0,40.4,2520
14:04:07.007,04_nv_D_fv-420_5,0,66.0,2520
14:04:08.016,04_nv_D_fv-420_5,0,65.7,2520
14:04:09.026,04_nv_D_fv-420_5,0,66.1,2520
14:04:10.033,04_nv_D_fv-420_5,0,65.9,2520
14:04:11.042,04_nv_D_fv-420_5,0,66.2,2520
14:04:12.046,04_nv_D_fv-420_5,1,65.6,930
14:04:13.053,04_nv_D_fv-420_5,10,30.6,660
14:04:14.062,04_nv_D_as-is_6,16,39.0,2520
14:04:15.062,04_nv_D_as-is_6,61,67.6,2520
14:04:16.072,04_nv_D_as-is_6,1,67.0,2520
14:04:17.082,04_nv_D_as-is_6,0,66.6,2520
14:04:18.091,04_nv_D_as-is_6,0,66.1,2520
14:04:19.100,04_nv_D_as-is_6,0,65.9,2520
14:04:20.109,04_nv_D_as-is_6,36,66.3,2520
14:04:21.118,04_nv_D_as-is_6,0,65.8,1350
14:04:22.124,04_nv_D_as-is_6,100,30.9,1095
14:04:23.124,04_nv_D_fv-444_6,0,25.2,1125
14:04:24.133,04_nv_D_fv-444_6,28,49.7,2520
14:04:25.142,04_nv_D_fv-444_6,21,67.1,2520
14:04:26.148,04_nv_D_fv-444_6,0,66.8,2520
14:04:27.148,04_nv_D_fv-444_6,0,65.7,2520
14:04:28.157,04_nv_D_fv-444_6,0,65.7,2520
14:04:29.165,04_nv_D_fv-444_6,0,65.9,2520
14:04:30.173,04_nv_D_fv-444_6,0,61.8,2640
14:04:31.183,04_nv_D_fv-444_6,0,73.1,2640
14:04:32.183,04_nv_D_fv-422_6,0,67.2,2520
14:04:33.188,04_nv_D_fv-422_6,25,66.6,2520
14:04:34.191,04_nv_D_fv-422_6,0,66.5,2520
14:04:35.197,04_nv_D_fv-422_6,0,66.8,2520
14:04:36.204,04_nv_D_fv-422_6,2,66.2,2520
14:04:37.207,04_nv_D_fv-422_6,0,66.7,2520
14:04:38.217,04_nv_D_fv-422_6,25,66.6,2520
14:04:39.222,04_nv_D_fv-422_6,0,50.6,900
14:04:40.223,04_nv_D_fv-422_6,0,25.9,570
14:04:41.231,04_nv_D_fv-420_6,0,50.6,2520
14:04:42.240,04_nv_D_fv-420_6,0,66.7,2520
14:04:43.246,04_nv_D_fv-420_6,0,66.3,2520
14:04:44.254,04_nv_D_fv-420_6,0,66.8,2520
14:04:45.254,04_nv_D_fv-420_6,0,66.7,2520
14:04:46.263,04_nv_D_fv-420_6,12,66.3,2520
14:04:47.264,04_nv_D_fv-420_6,17,50.7,1035
14:04:48.265,04_nv_D_fv-420_6,0,27.4,420
14:04:49.266,04_nv_D_fv-420_6,0,20.4,750
14:04:50.272,04_nv_D_as-is_7,61,49.8,2520
14:04:51.280,04_nv_D_as-is_7,0,67.6,2520
14:04:52.290,04_nv_D_as-is_7,0,66.8,2520
14:04:53.298,04_nv_D_as-is_7,0,66.9,2520
14:04:54.299,04_nv_D_as-is_7,0,66.7,2520
14:04:55.308,04_nv_D_as-is_7,36,67.1,2520
14:04:56.317,04_nv_D_as-is_7,100,51.7,1215
14:04:57.318,04_nv_D_as-is_7,32,47.8,1800
14:04:58.328,04_nv_D_fv-444_7,17,50.0,2520
14:04:59.336,04_nv_D_fv-444_7,0,64.7,2520
14:05:00.338,04_nv_D_fv-444_7,27,66.9,2520
14:05:01.348,04_nv_D_fv-444_7,32,67.6,2520
14:05:02.358,04_nv_D_fv-444_7,0,67.6,2520
14:05:03.366,04_nv_D_fv-444_7,0,66.6,2520
14:05:04.366,04_nv_D_fv-444_7,0,66.7,2520
14:05:05.369,04_nv_D_fv-444_7,0,56.3,1905
14:05:06.376,04_nv_D_fv-444_7,0,50.3,1905
14:05:07.379,04_nv_D_fv-422_7,10,52.6,2520
14:05:08.388,04_nv_D_fv-422_7,0,66.6,2520
14:05:09.389,04_nv_D_fv-422_7,0,66.9,2520
14:05:10.389,04_nv_D_fv-422_7,0,66.8,2520
14:05:11.390,04_nv_D_fv-422_7,0,66.8,2520
14:05:12.390,04_nv_D_fv-422_7,25,66.9,2520
14:05:13.400,04_nv_D_fv-422_7,0,67.2,2520
14:05:14.409,04_nv_D_fv-422_7,29,51.7,1020
14:05:15.409,04_nv_D_fv-422_7,0,26.9,885
14:05:16.409,04_nv_D_fv-420_7,31,45.9,2520
14:05:17.418,04_nv_D_fv-420_7,19,68.0,2520
14:05:18.427,04_nv_D_fv-420_7,19,68.0,2520
14:05:19.435,04_nv_D_fv-420_7,19,67.8,2520
14:05:20.445,04_nv_D_fv-420_7,16,67.6,2520
14:05:21.454,04_nv_D_fv-420_7,6,67.0,2520
14:05:22.463,04_nv_D_fv-420_7,0,51.6,870
14:05:23.473,04_nv_D_fv-420_7,80,27.0,600
14:05:24.481,04_nv_D_as-is_8,0,42.7,2520
14:05:25.488,04_nv_D_as-is_8,0,67.8,2520
14:05:26.495,04_nv_D_as-is_8,0,66.8,2520
14:05:27.505,04_nv_D_as-is_8,0,66.8,2520
14:05:28.514,04_nv_D_as-is_8,0,67.2,2520
14:05:29.515,04_nv_D_as-is_8,36,67.6,2520
14:05:30.524,04_nv_D_as-is_8,0,67.7,2520
14:05:31.526,04_nv_D_as-is_8,1,54.8,2520
14:05:32.535,04_nv_D_as-is_8,0,69.3,2520
14:05:33.543,04_nv_D_fv-444_8,9,64.4,2520
14:05:34.552,04_nv_D_fv-444_8,36,68.1,2520
14:05:35.559,04_nv_D_fv-444_8,0,68.6,2520
14:05:36.567,04_nv_D_fv-444_8,0,67.8,2520
14:05:37.570,04_nv_D_fv-444_8,0,67.5,2520
14:05:38.578,04_nv_D_fv-444_8,0,67.7,2520
14:05:39.587,04_nv_D_fv-444_8,0,68.0,2520
14:05:40.588,04_nv_D_fv-444_8,70,51.7,1110
14:05:41.597,04_nv_D_fv-444_8,9,61.7,2520
14:05:42.604,04_nv_D_fv-422_8,0,68.6,2520
14:05:43.614,04_nv_D_fv-422_8,23,68.2,2520
14:05:44.614,04_nv_D_fv-422_8,0,67.7,2520
14:05:45.614,04_nv_D_fv-422_8,0,67.5,2520
14:05:46.622,04_nv_D_fv-422_8,25,67.7,2520
14:05:47.631,04_nv_D_fv-422_8,0,67.7,2520
14:05:48.631,04_nv_D_fv-422_8,0,67.8,2520
14:05:49.639,04_nv_D_fv-422_8,0,52.3,975
14:05:50.640,04_nv_D_fv-420_8,0,27.4,1035
14:05:51.649,04_nv_D_fv-420_8,0,52.2,2520
14:05:52.649,04_nv_D_fv-420_8,0,66.7,2520
14:05:53.656,04_nv_D_fv-420_8,18,66.9,2520
14:05:54.664,04_nv_D_fv-420_8,10,66.5,2520
14:05:55.673,04_nv_D_fv-420_8,0,66.5,2520
14:05:56.683,04_nv_D_fv-420_8,0,66.4,930
14:05:57.690,04_nv_D_fv-420_8,0,42.7,1140
14:05:58.697,04_nv_D_fv-420_8,48,33.0,645
14:05:59.707,04_nv_D_as-is_9,0,44.8,2520
14:06:00.715,04_nv_D_as-is_9,16,66.3,2520
14:06:01.724,04_nv_D_as-is_9,29,66.8,2520
14:06:02.734,04_nv_D_as-is_9,0,67.1,2520
14:06:03.734,04_nv_D_as-is_9,0,66.2,2520
14:06:04.743,04_nv_D_as-is_9,0,65.7,2520
14:06:05.752,04_nv_D_as-is_9,24,66.3,1305
14:06:06.760,04_nv_D_as-is_9,0,47.7,2520
14:06:07.768,04_nv_D_fv-444_9,37,66.2,2520
14:06:08.775,04_nv_D_fv-444_9,0,66.7,2520
14:06:09.784,04_nv_D_fv-444_9,0,65.4,2520
14:06:10.793,04_nv_D_fv-444_9,0,65.2,2520
14:06:11.801,04_nv_D_fv-444_9,36,65.3,2520
14:06:12.810,04_nv_D_fv-444_9,30,65.4,2520
14:06:13.818,04_nv_D_fv-444_9,0,65.4,2520
14:06:14.827,04_nv_D_fv-444_9,0,64.8,1320
14:06:15.834,04_nv_D_fv-444_9,0,55.2,2550
14:06:16.843,04_nv_D_fv-422_9,35,67.7,2550
14:06:17.843,04_nv_D_fv-422_9,0,65.5,2520
14:06:18.851,04_nv_D_fv-422_9,24,64.1,2520
14:06:19.861,04_nv_D_fv-422_9,0,63.8,2520
14:06:20.869,04_nv_D_fv-422_9,2,63.9,2520
14:06:21.878,04_nv_D_fv-422_9,0,64.0,2520
14:06:22.887,04_nv_D_fv-422_9,0,64.2,1065
14:06:23.887,04_nv_D_fv-422_9,0,33.1,1260
14:06:24.889,04_nv_D_fv-422_9,0,22.2,690
14:06:25.895,04_nv_D_fv-420_9,1,31.5,2520
14:06:26.904,04_nv_D_fv-420_9,18,64.0,2520
14:06:27.913,04_nv_D_fv-420_9,18,64.3,2520
14:06:28.920,04_nv_D_fv-420_9,18,64.1,2520
14:06:29.929,04_nv_D_fv-420_9,18,64.2,2520
14:06:30.937,04_nv_D_fv-420_9,18,64.2,2520
14:06:31.937,04_nv_D_fv-420_9,13,64.2,960
14:06:32.945,04_nv_D_fv-420_9,0,32.3,705
14:06:33.954,04_nv_D_fv-420_9,40,20.9,465
14:06:34.957,gap,0,34.6,2520
14:06:35.965,gap,0,71.6,2745
14:06:36.974,gap,99,103.2,2745
14:06:37.984,gap,99,136.8,2745
14:06:38.987,gap,99,137.8,2745
14:06:39.989,gap,99,137.8,2745
14:06:40.992,gap,99,137.3,2745
14:06:41.996,gap,99,137.5,2745
14:06:42.998,gap,0,122.1,2745
14:06:44.008,gap,0,84.4,2745
14:06:45.013,gap,99,226.8,2745
14:06:46.014,04_fv_E_0,99,283.2,2745
14:06:47.014,04_fv_E_0,0,137.8,2745
14:06:48.016,04_fv_E_0,99,126.6,2745
14:06:49.020,04_fv_E_0,99,140.3,2745
14:06:50.030,04_fv_E_0,99,140.4,2745
14:06:51.034,04_fv_E_0,99,139.8,2745
14:06:52.035,04_fv_E_0,99,139.2,2745
14:06:53.038,04_fv_E_0,99,139.4,2745
14:06:54.042,04_fv_E_0,99,138.8,2745
14:06:55.044,04_fv_E_0,99,139.0,2745
14:06:56.045,04_fv_E_0,99,139.2,2745
14:06:57.048,04_fv_E_0,99,138.9,2745
14:06:58.051,04_fv_E_0,99,139.0,2745
14:06:59.053,04_fv_E_0,99,139.0,2745
14:07:00.056,04_fv_E_0,99,139.6,2745
14:07:01.059,04_fv_E_0,99,139.5,2745
14:07:02.059,04_fv_E_0,99,138.9,2745
14:07:03.061,04_fv_E_0,99,139.1,2745
14:07:04.063,04_fv_E_0,99,138.4,2745
14:07:05.072,04_fv_E_0,99,137.8,2745
14:07:06.075,04_fv_E_0,99,137.3,2745
14:07:07.079,04_fv_E_0,99,137.4,2745
14:07:08.079,04_fv_E_0,99,137.8,2745
14:07:09.081,04_fv_E_0,99,138.0,2745
14:07:10.090,04_fv_E_0,99,137.4,2745
14:07:11.095,04_fv_E_0,99,137.5,2745
14:07:12.096,04_fv_E_0,99,137.7,2745
14:07:13.098,04_fv_E_0,99,137.9,2745
14:07:14.105,04_nv_E_0,0,106.2,2745
14:07:15.110,04_nv_E_0,99,237.9,2745
14:07:16.114,04_nv_E_0,99,283.8,2745
14:07:17.119,04_nv_E_0,99,283.6,2745
14:07:18.123,04_nv_E_0,99,284.0,2745
14:07:19.129,04_nv_E_0,99,284.4,2745
14:07:20.135,04_nv_E_0,99,284.2,2745
14:07:21.139,04_nv_E_0,99,284.4,2745
14:07:22.145,04_fv_E_1,99,284.8,2745
14:07:23.147,04_fv_E_1,10,126.4,2745
14:07:24.147,04_fv_E_1,99,128.9,2745
14:07:25.149,04_fv_E_1,99,138.7,2745
14:07:26.149,04_fv_E_1,99,139.2,2745
14:07:27.151,04_fv_E_1,99,138.5,2745
14:07:28.152,04_fv_E_1,99,138.3,2745
14:07:29.152,04_fv_E_1,99,138.2,2745
14:07:30.162,04_fv_E_1,99,138.8,2745
14:07:31.171,04_fv_E_1,99,139.2,2745
14:07:32.181,04_fv_E_1,99,139.1,2745
14:07:33.191,04_fv_E_1,99,138.3,2745
14:07:34.192,04_fv_E_1,99,137.6,2745
14:07:35.193,04_fv_E_1,99,137.2,2745
14:07:36.194,04_fv_E_1,99,137.1,2745
14:07:37.195,04_fv_E_1,99,136.9,2745
14:07:38.196,04_fv_E_1,99,137.1,2745
14:07:39.205,04_fv_E_1,99,137.4,2745
14:07:40.214,04_fv_E_1,99,137.3,2745
14:07:41.216,04_fv_E_1,99,137.3,2745
14:07:42.216,04_fv_E_1,99,137.9,2745
14:07:43.216,04_fv_E_1,99,138.0,2745
14:07:44.217,04_fv_E_1,99,137.2,2745
14:07:45.225,04_fv_E_1,99,136.7,2745
14:07:46.226,04_fv_E_1,99,136.3,2745
14:07:47.226,04_fv_E_1,99,136.4,2745
14:07:48.226,04_fv_E_1,99,136.8,2745
14:07:49.228,04_nv_E_1,39,134.1,2745
14:07:50.228,04_nv_E_1,99,140.3,2745
14:07:51.232,04_nv_E_1,99,282.0,2745
14:07:52.236,04_nv_E_1,99,282.3,2745
14:07:53.240,04_nv_E_1,99,282.2,2745
14:07:54.245,04_nv_E_1,99,282.3,2745
14:07:55.250,04_nv_E_1,99,282.5,2745
14:07:56.254,04_nv_E_1,99,283.0,2745
14:07:57.261,04_nv_E_1,99,282.9,2745
14:07:58.266,04_fv_E_2,7,225.6,2745
14:07:59.271,04_fv_E_2,99,96.7,2745
14:08:00.275,04_fv_E_2,99,137.4,2745
14:08:01.277,04_fv_E_2,99,137.5,2745
14:08:02.279,04_fv_E_2,99,136.9,2745
14:08:03.280,04_fv_E_2,99,136.4,2745
14:08:04.282,04_fv_E_2,99,136.0,2745
14:08:05.284,04_fv_E_2,99,135.8,2745
14:08:06.289,04_fv_E_2,99,135.5,2745
14:08:07.290,04_fv_E_2,99,135.9,2745
14:08:08.293,04_fv_E_2,99,136.0,2745
14:08:09.293,04_fv_E_2,99,136.2,2745
14:08:10.294,04_fv_E_2,99,135.5,2745
14:08:11.297,04_fv_E_2,99,135.8,2745
14:08:12.299,04_fv_E_2,99,136.0,2745
14:08:13.303,04_fv_E_2,99,136.4,2745
14:08:14.305,04_fv_E_2,99,136.9,2745
14:08:15.307,04_fv_E_2,99,136.8,2745
14:08:16.309,04_fv_E_2,99,136.7,2745
14:08:17.311,04_fv_E_2,99,136.0,2745
14:08:18.312,04_fv_E_2,99,135.8,2745
14:08:19.316,04_fv_E_2,99,135.3,2745
14:08:20.317,04_fv_E_2,99,135.3,2745
14:08:21.319,04_fv_E_2,99,135.8,2745
14:08:22.321,04_fv_E_2,99,135.9,2745
14:08:23.324,04_fv_E_2,99,135.8,2745
14:08:24.326,04_fv_E_2,99,136.1,2745
14:08:25.329,04_nv_E_2,99,135.7,2745
14:08:26.337,04_nv_E_2,99,127.3,2745
14:08:27.342,04_nv_E_2,99,280.0,2745
14:08:28.347,04_nv_E_2,99,280.4,2745
14:08:29.352,04_nv_E_2,99,280.8,2745
14:08:30.356,04_nv_E_2,99,280.7,2745
14:08:31.362,04_nv_E_2,99,281.0,2745
14:08:32.366,04_nv_E_2,99,281.5,2745
14:08:33.371,04_nv_E_2,99,281.4,2745
14:08:34.377,gap,20,241.3,2745
14:08:35.383,gap,1,91.1,2745
14:08:36.389,gap,89,81.6,2745
14:08:37.395,gap,0,89.1,2745
14:08:38.405,gap,100,130.6,2745
14:08:39.409,02_fv_Dcopy_t8_0,74,93.5,2745
14:08:40.417,02_fv_Dcopy_t8_0,100,138.6,2745
14:08:41.424,02_fv_Dcopy_t8_0,100,161.6,2745
14:08:42.430,02_fv_Dcopy_t8_0,100,165.2,2745
14:08:43.434,02_fv_Dcopy_t8_0,100,165.9,2745
14:08:44.437,02_fv_Dcopy_t8_0,100,161.5,2745
14:08:45.442,02_fv_Dcopy_t8_0,100,165.7,2745
14:08:46.450,02_fv_Dcopy_t8_1,3,117.6,2745
14:08:47.456,02_fv_Dcopy_t8_1,100,114.9,2745
14:08:48.465,02_fv_Dcopy_t8_1,100,161.5,2745
14:08:49.472,02_fv_Dcopy_t8_1,100,161.2,2745
14:08:50.478,02_fv_Dcopy_t8_1,100,159.0,2745
14:08:51.484,02_fv_Dcopy_t8_1,100,158.9,2745
14:08:52.487,02_fv_Dcopy_t8_1,100,161.2,2745
14:08:53.497,02_fv_Dcopy_t8_2,14,151.3,2745
14:08:54.499,02_fv_Dcopy_t8_2,87,81.9,2745
14:08:55.501,02_fv_Dcopy_t8_2,100,150.6,2745
14:08:56.510,02_fv_Dcopy_t8_2,100,158.6,2745
14:08:57.519,02_fv_Dcopy_t8_2,100,158.8,2745
14:08:58.528,02_fv_Dcopy_t8_2,100,160.4,2745
14:08:59.538,02_fv_Dcopy_t8_2,100,161.2,2745
14:09:00.546,02_fv_Dcopy_t8_2,100,159.2,2745
14:09:01.552,gap,7,117.6,2745
14:09:02.552,gap,1,78.4,2745
14:09:03.562,gap,0,66.9,2520
14:09:04.570,gap,60,64.8,2745
14:09:05.577,gap,2,77.7,2745
14:09:06.586,gap,26,75.6,2520
14:09:07.595,gap,26,62.5,2520
14:09:08.595,gap,0,74.6,2760
14:09:09.605,gap,0,78.0,2760
14:09:10.613,gap,0,66.6,2520
14:09:11.622,gap,0,67.2,2760
14:09:12.631,02_nv_Dcopy_t8_0,14,84.4,2760
14:09:13.631,02_nv_Dcopy_t8_0,0,78.3,2760
14:09:14.632,02_nv_Dcopy_t8_0,0,71.3,2520
14:09:15.641,02_nv_Dcopy_t8_0,0,60.3,2520
14:09:16.649,02_nv_Dcopy_t8_0,0,72.7,2760
14:09:17.656,02_nv_Dcopy_t8_0,50,84.6,2760
14:09:18.663,02_nv_Dcopy_t8_0,99,85.6,2760
14:09:19.668,02_nv_Dcopy_t8_0,99,86.4,2760
14:09:20.674,02_nv_Dcopy_t8_0,93,85.4,2760
14:09:21.682,02_nv_Dcopy_t8_0,98,85.9,2760
14:09:22.688,02_nv_Dcopy_t8_1,0,82.4,2760
14:09:23.688,02_nv_Dcopy_t8_1,0,77.2,2760
14:09:24.698,02_nv_Dcopy_t8_1,0,64.2,2520
14:09:25.698,02_nv_Dcopy_t8_1,33,65.5,2760
14:09:26.707,02_nv_Dcopy_t8_1,81,85.0,2760
14:09:27.718,02_nv_Dcopy_t8_1,93,85.9,2760
14:09:28.726,02_nv_Dcopy_t8_1,85,85.6,2760
14:09:29.729,02_nv_Dcopy_t8_1,72,85.6,2760
14:09:30.735,02_nv_Dcopy_t8_1,50,85.0,2760
14:09:31.738,02_nv_Dcopy_t8_1,52,85.1,2760
14:09:32.738,02_nv_Dcopy_t8_2,0,80.7,2760
14:09:33.738,02_nv_Dcopy_t8_2,0,77.1,2760
14:09:34.747,02_nv_Dcopy_t8_2,27,64.5,2520
14:09:35.755,02_nv_Dcopy_t8_2,49,68.7,2760
14:09:36.762,02_nv_Dcopy_t8_2,97,86.1,2760
14:09:37.769,02_nv_Dcopy_t8_2,96,86.7,2760
14:09:38.778,02_nv_Dcopy_t8_2,32,85.2,2760
14:09:39.787,02_nv_Dcopy_t8_2,29,85.4,2760
14:09:40.797,02_nv_Dcopy_t8_2,82,85.5,2760
14:09:41.805,02_nv_Dcopy_t8_2,92,86.6,2760
14:09:42.807,gap,50,80.4,2760
14:09:43.814,gap,2,81.6,2760
14:09:44.823,gap,61,81.3,2760
14:09:45.833,gap,100,99.2,2760
14:09:46.841,gap,99,99.4,2760
14:09:47.851,gap,100,102.2,2760
14:09:48.853,gap,3,88.3,2760
14:09:49.862,gap,92,80.1,2760
14:09:50.865,gap,5,89.2,2760
14:09:51.867,gap,89,81.4,2760
14:09:52.873,gap,3,87.1,2760
14:09:53.876,gap,100,104.2,2760
14:09:54.878,06_fv_Dcopy_t6_0,3,106.0,2760
14:09:55.885,06_fv_Dcopy_t6_0,100,96.9,2760
14:09:56.890,06_fv_Dcopy_t6_0,100,153.5,2745
14:09:57.892,06_fv_Dcopy_t6_0,100,151.6,2745
14:09:58.900,06_fv_Dcopy_t6_0,100,153.4,2745
14:09:59.906,06_fv_Dcopy_t6_0,100,154.3,2745
14:10:00.914,06_fv_Dcopy_t6_0,100,154.3,2745
14:10:01.921,06_fv_Dcopy_t6_1,7,116.2,2745
14:10:02.921,06_fv_Dcopy_t6_1,99,89.8,2745
14:10:03.924,06_fv_Dcopy_t6_1,100,153.7,2745
14:10:04.925,06_fv_Dcopy_t6_1,100,152.9,2745
14:10:05.930,06_fv_Dcopy_t6_1,100,148.5,2745
14:10:06.935,06_fv_Dcopy_t6_1,100,152.6,2745
14:10:07.935,06_fv_Dcopy_t6_1,100,155.4,2745
14:10:08.937,06_fv_Dcopy_t6_2,3,131.8,2745
14:10:09.940,06_fv_Dcopy_t6_2,84,82.3,2745
14:10:10.949,06_fv_Dcopy_t6_2,100,141.6,2745
14:10:11.949,06_fv_Dcopy_t6_2,100,155.6,2745
14:10:12.959,06_fv_Dcopy_t6_2,100,155.8,2745
14:10:13.965,06_fv_Dcopy_t6_2,100,155.9,2745
14:10:14.970,06_fv_Dcopy_t6_2,100,155.9,2745
14:10:15.971,gap,2,139.2,2745
14:10:16.978,gap,1,79.8,2745
14:10:17.987,gap,0,74.4,2520
14:10:18.996,gap,0,63.5,2520
14:10:20.004,gap,3,63.3,2520
14:10:21.011,gap,3,71.9,2745
14:10:22.013,gap,0,79.3,2745
14:10:23.013,gap,0,71.8,2520
14:10:24.020,gap,35,64.2,2520
14:10:25.027,gap,3,64.7,2520
14:10:26.037,gap,28,75.4,2745
14:10:27.037,gap,0,79.1,2745
14:10:28.039,gap,42,70.4,2520
14:10:29.039,gap,1,65.3,2520
14:10:30.047,gap,0,64.6,2520
14:10:31.052,gap,18,81.7,2745
14:10:32.062,06_nv_Dcopy_t8_0,3,84.2,2745
14:10:33.063,06_nv_Dcopy_t8_0,0,78.6,2745
14:10:34.068,06_nv_Dcopy_t8_0,0,67.3,2520
14:10:35.076,06_nv_Dcopy_t8_0,8,64.5,2520
14:10:36.083,06_nv_Dcopy_t8_0,100,66.5,2520
14:10:37.083,06_nv_Dcopy_t8_0,100,86.9,2745
14:10:38.092,06_nv_Dcopy_t8_0,56,89.5,2745
14:10:39.101,06_nv_Dcopy_t8_0,66,88.6,2745
14:10:40.103,06_nv_Dcopy_t8_0,81,89.2,2745
14:10:41.103,06_nv_Dcopy_t8_0,100,89.6,2745
14:10:42.107,06_nv_Dcopy_t8_0,26,88.9,2745
14:10:43.108,06_nv_Dcopy_t8_1,2,83.7,2745
14:10:44.116,06_nv_Dcopy_t8_1,0,78.5,2745
14:10:45.125,06_nv_Dcopy_t8_1,0,65.5,2520
14:10:46.132,06_nv_Dcopy_t8_1,0,65.2,2520
14:10:47.139,06_nv_Dcopy_t8_1,100,68.3,2520
14:10:48.147,06_nv_Dcopy_t8_1,100,87.8,2745
14:10:49.157,06_nv_Dcopy_t8_1,100,89.9,2745
14:10:50.163,06_nv_Dcopy_t8_1,42,89.0,2745
14:10:51.172,06_nv_Dcopy_t8_1,83,89.9,2745
14:10:52.181,06_nv_Dcopy_t8_1,100,90.8,2745
14:10:53.189,06_nv_Dcopy_t8_1,2,87.8,2745
14:10:54.190,06_nv_Dcopy_t8_2,1,79.9,2745
14:10:55.193,06_nv_Dcopy_t8_2,0,75.0,2520
14:10:56.199,06_nv_Dcopy_t8_2,0,64.9,2520
14:10:57.206,06_nv_Dcopy_t8_2,33,65.0,2520
14:10:58.214,06_nv_Dcopy_t8_2,92,76.2,2745
14:10:59.223,06_nv_Dcopy_t8_2,100,90.8,2745
14:11:00.233,06_nv_Dcopy_t8_2,79,90.3,2745
14:11:01.235,06_nv_Dcopy_t8_2,40,89.3,2745
14:11:02.244,06_nv_Dcopy_t8_2,97,90.0,2745
14:11:03.252,06_nv_Dcopy_t8_2,93,91.9,2745
14:11:04.256,06_nv_Dcopy_t8_2,2,90.6,2745
14:11:05.263,gap,6,79.6,2745
14:11:06.265,gap,1,84.6,2745
14:11:07.274,gap,0,78.1,2745
14:11:08.276,gap,0,69.1,2520
14:11:09.279,gap,99,75.5,2520
14:11:10.281,gap,99,80.1,2520
14:11:11.290,gap,100,85.4,2745
14:11:12.298,gap,100,104.0,2745
14:11:13.308,gap,100,104.0,2745
14:11:14.314,gap,99,103.9,2745
14:11:15.321,gap,100,104.5,2745
14:11:16.322,gap,99,104.4,2745
14:11:17.330,gap,100,104.5,2745
14:11:18.338,gap,99,104.6,2745
14:11:19.346,gap,100,104.6,2745
14:11:20.346,gap,100,106.8,2745
14:11:21.353,gap,100,108.2,2745
14:11:22.358,gap,1,90.6,2745
14:11:23.362,gap,2,80.3,2745
14:11:24.362,gap,89,81.9,2745
14:11:25.368,gap,3,90.1,2745
14:11:26.368,gap,11,93.5,2745
14:11:27.369,gap,2,80.8,2745
14:11:28.379,gap,100,112.8,2745
14:11:29.386,03_fv_Dcopy_t5_0,3,102.5,2745
14:11:30.388,03_fv_Dcopy_t5_0,98,93.3,2745
14:11:31.396,03_fv_Dcopy_t5_0,100,161.3,2745
14:11:32.403,03_fv_Dcopy_t5_0,100,161.5,2745
14:11:33.404,03_fv_Dcopy_t5_0,100,164.4,2745
14:11:34.409,03_fv_Dcopy_t5_0,100,162.8,2745
14:11:35.409,03_fv_Dcopy_t5_0,100,162.8,2745
14:11:36.413,03_fv_Dcopy_t5_1,12,124.4,2745
14:11:37.420,03_fv_Dcopy_t5_1,86,84.2,2745
14:11:38.426,03_fv_Dcopy_t5_1,100,144.4,2745
14:11:39.426,03_fv_Dcopy_t5_1,100,159.0,2745
14:11:40.435,03_fv_Dcopy_t5_1,100,158.1,2745
14:11:41.445,03_fv_Dcopy_t5_1,100,157.5,2745
14:11:42.455,03_fv_Dcopy_t5_1,100,159.5,2745
14:11:43.460,03_fv_Dcopy_t5_2,2,144.7,2745
14:11:44.468,03_fv_Dcopy_t5_2,0,81.9,2745
14:11:45.477,03_fv_Dcopy_t5_2,100,121.7,2745
14:11:46.486,03_fv_Dcopy_t5_2,100,161.1,2745
14:11:47.496,03_fv_Dcopy_t5_2,100,162.0,2745
14:11:48.505,03_fv_Dcopy_t5_2,100,162.6,2745
14:11:49.507,03_fv_Dcopy_t5_2,100,162.3,2745
14:11:50.510,03_fv_Dcopy_t5_2,100,161.8,2745
14:11:51.519,gap,13,96.7,2745
14:11:52.527,gap,0,78.5,2520
14:11:53.527,gap,0,67.5,2520
14:11:54.527,gap,0,67.1,2520
14:11:55.538,gap,52,66.8,2520
14:11:56.544,gap,0,66.9,2520
14:11:57.552,gap,31,80.7,2745
14:11:58.562,gap,0,80.8,2745
14:11:59.570,gap,1,72.0,2520
14:12:00.570,gap,10,66.6,2520
14:12:01.571,gap,0,67.2,2520
14:12:02.579,gap,0,66.8,2520
14:12:03.580,gap,2,77.5,2745
14:12:04.588,gap,46,80.7,2745
14:12:05.596,gap,0,73.8,2520
14:12:06.604,gap,0,66.2,2520
14:12:07.611,gap,1,66.3,2520
14:12:08.617,gap,52,66.2,2520
14:12:09.625,gap,0,75.2,2745
14:12:10.625,03_nv_Dcopy_t8_0,2,86.5,2745
14:12:11.631,03_nv_Dcopy_t8_0,25,80.1,2745
14:12:12.640,03_nv_Dcopy_t8_0,0,70.9,2520
14:12:13.648,03_nv_Dcopy_t8_0,0,65.5,2520
14:12:14.656,03_nv_Dcopy_t8_0,24,65.4,2520
14:12:15.664,03_nv_Dcopy_t8_0,0,64.8,2520
14:12:16.671,03_nv_Dcopy_t8_0,28,73.5,2745
14:12:17.679,03_nv_Dcopy_t8_0,100,87.7,2745
14:12:18.687,03_nv_Dcopy_t8_0,85,89.2,2745
14:12:19.696,03_nv_Dcopy_t8_0,0,88.8,2745
14:12:20.705,03_nv_Dcopy_t8_0,100,89.0,2745
14:12:21.711,03_nv_Dcopy_t8_0,96,88.5,2745
14:12:22.721,03_nv_Dcopy_t8_1,0,80.4,2745
14:12:23.730,03_nv_Dcopy_t8_1,1,76.6,2520
14:12:24.739,03_nv_Dcopy_t8_1,28,63.5,2520
14:12:25.744,03_nv_Dcopy_t8_1,0,64.2,2520
14:12:26.751,03_nv_Dcopy_t8_1,0,64.1,2520
14:12:27.759,03_nv_Dcopy_t8_1,100,65.7,2745
14:12:28.767,03_nv_Dcopy_t8_1,0,86.7,2745
14:12:29.775,03_nv_Dcopy_t8_1,88,88.9,2745
14:12:30.783,03_nv_Dcopy_t8_1,100,87.8,2745
14:12:31.790,03_nv_Dcopy_t8_1,91,88.4,2745
14:12:32.791,03_nv_Dcopy_t8_1,41,88.3,2745
14:12:33.795,03_nv_Dcopy_t8_2,2,85.5,2745
14:12:34.805,03_nv_Dcopy_t8_2,0,79.1,2745
14:12:35.811,03_nv_Dcopy_t8_2,0,73.8,2520
14:12:36.821,03_nv_Dcopy_t8_2,1,63.8,2520
14:12:37.831,03_nv_Dcopy_t8_2,52,63.3,2520
14:12:38.831,03_nv_Dcopy_t8_2,0,63.8,2520
14:12:39.838,03_nv_Dcopy_t8_2,100,71.0,2760
14:12:40.847,03_nv_Dcopy_t8_2,100,87.5,2760
14:12:41.854,03_nv_Dcopy_t8_2,51,88.1,2760
14:12:42.862,03_nv_Dcopy_t8_2,4,88.0,2760
14:12:43.864,03_nv_Dcopy_t8_2,100,87.4,2760
14:12:44.867,03_nv_Dcopy_t8_2,97,87.3,2760
14:12:45.873,gap,13,84.4,2760
14:12:46.880,gap,82,81.3,2760
14:12:47.880,gap,2,81.3,2760
14:12:48.889,gap,0,76.7,2520
14:12:49.897,gap,0,61.9,2520
14:12:50.901,gap,0,60.4,2520
14:12:51.910,gap,98,60.3,2520
14:12:52.920,gap,98,60.3,2520
14:12:53.927,gap,100,82.0,2520
14:12:54.936,gap,100,98.8,2760
14:12:55.945,gap,99,100.0,2760
14:12:56.954,gap,95,99.7,2760
14:12:57.955,gap,99,99.9,2760
14:12:58.962,gap,97,99.7,2760
14:12:59.964,gap,96,99.7,2760
14:13:00.971,gap,100,99.8,2760
14:13:01.980,gap,98,100.4,2760
14:13:02.984,gap,100,100.9,2760
14:13:03.994,gap,100,104.2,2760
14:13:05.004,gap,1,92.3,2760
14:13:06.005,gap,1,77.2,2760
14:13:07.011,gap,3,54.9,2520
14:13:08.020,gap,74,77.9,2760
14:13:09.024,gap,3,81.6,2760
14:13:10.032,gap,3,88.7,2760
14:13:11.032,gap,87,80.2,2760
14:13:12.035,04_fv_Dcopy_t4_0,3,118.3,2760
14:13:13.044,04_fv_Dcopy_t4_0,0,78.7,2760
14:13:14.050,04_fv_Dcopy_t4_0,100,119.6,2760
14:13:15.058,04_fv_Dcopy_t4_0,100,145.5,2745
14:13:16.063,04_fv_Dcopy_t4_0,100,143.5,2745
14:13:17.070,04_fv_Dcopy_t4_0,100,147.2,2745
14:13:18.078,04_fv_Dcopy_t4_0,100,147.8,2745
14:13:19.081,04_fv_Dcopy_t4_0,100,144.6,2745
14:13:20.090,04_fv_Dcopy_t4_1,2,87.1,2745
14:13:21.090,04_fv_Dcopy_t4_1,100,107.5,2745
14:13:22.097,04_fv_Dcopy_t4_1,100,148.2,2745
14:13:23.099,04_fv_Dcopy_t4_1,100,144.1,2745
14:13:24.104,04_fv_Dcopy_t4_1,100,146.3,2745
14:13:25.105,04_fv_Dcopy_t4_1,100,148.5,2745
14:13:26.110,04_fv_Dcopy_t4_1,100,145.8,2745
14:13:27.118,04_fv_Dcopy_t4_2,2,93.2,2745
14:13:28.122,04_fv_Dcopy_t4_2,99,96.7,2745
14:13:29.125,04_fv_Dcopy_t4_2,100,147.5,2745
14:13:30.131,04_fv_Dcopy_t4_2,100,149.5,2745
14:13:31.136,04_fv_Dcopy_t4_2,100,149.3,2745
14:13:32.142,04_fv_Dcopy_t4_2,100,144.6,2745
14:13:33.148,04_fv_Dcopy_t4_2,100,147.2,2745
14:13:34.158,gap,26,110.6,2745
14:13:35.167,gap,0,79.1,2745
14:13:36.173,gap,2,69.8,2520
14:13:37.182,gap,17,64.1,2520
14:13:38.191,gap,61,63.9,2520
14:13:39.191,gap,13,63.9,2520
14:13:40.200,gap,23,82.6,2745
14:13:41.207,gap,0,79.2,2745
14:13:42.216,gap,2,69.8,2520
14:13:43.222,gap,61,64.3,2520
14:13:44.232,gap,2,64.3,2520
14:13:45.241,gap,73,72.6,2745
14:13:46.247,gap,1,81.1,2745
14:13:47.255,gap,15,76.7,2520
14:13:48.264,gap,61,64.9,2520
14:13:49.272,gap,0,64.5,2520
14:13:50.272,gap,0,64.9,2520
14:13:51.274,gap,100,72.2,2745
14:13:52.284,gap,2,87.8,2745
14:13:53.292,04_nv_Dcopy_t8_0,0,79.6,2745
14:13:54.292,04_nv_Dcopy_t8_0,0,74.2,2520
14:13:55.301,04_nv_Dcopy_t8_0,2,64.9,2520
14:13:56.308,04_nv_Dcopy_t8_0,61,64.1,2520
14:13:57.316,04_nv_Dcopy_t8_0,7,64.1,2520
14:13:58.325,04_nv_Dcopy_t8_0,48,75.1,2745
14:13:59.327,04_nv_Dcopy_t8_0,100,89.1,2745
14:14:00.330,04_nv_Dcopy_t8_0,100,89.2,2745
14:14:01.330,04_nv_Dcopy_t8_0,100,89.2,2745
14:14:02.337,04_nv_Dcopy_t8_0,100,89.5,2745
14:14:03.337,04_nv_Dcopy_t8_0,93,89.5,2745
14:14:04.344,04_nv_Dcopy_t8_1,14,85.1,2745
14:14:05.352,04_nv_Dcopy_t8_1,0,80.1,2745
14:14:06.362,04_nv_Dcopy_t8_1,2,68.8,2520
14:14:07.363,04_nv_Dcopy_t8_1,61,64.8,2520
14:14:08.364,04_nv_Dcopy_t8_1,0,64.8,2520
14:14:09.364,04_nv_Dcopy_t8_1,0,65.0,2520
14:14:10.368,04_nv_Dcopy_t8_1,100,85.5,2745
14:14:11.370,04_nv_Dcopy_t8_1,100,91.0,2745
14:14:12.371,04_nv_Dcopy_t8_1,100,90.4,2745
14:14:13.374,04_nv_Dcopy_t8_1,100,90.3,2745
14:14:14.376,04_nv_Dcopy_t8_1,100,91.0,2745
14:14:15.376,04_nv_Dcopy_t8_1,46,91.6,2745
14:14:16.382,04_nv_Dcopy_t8_2,0,80.7,2745
14:14:17.392,04_nv_Dcopy_t8_2,2,76.9,2520
14:14:18.401,04_nv_Dcopy_t8_2,61,65.7,2520
14:14:19.409,04_nv_Dcopy_t8_2,8,65.5,2520
14:14:20.417,04_nv_Dcopy_t8_2,0,65.6,2520
14:14:21.418,04_nv_Dcopy_t8_2,100,73.2,2745
14:14:22.419,04_nv_Dcopy_t8_2,100,90.7,2745
14:14:23.420,04_nv_Dcopy_t8_2,100,91.8,2745
14:14:24.428,04_nv_Dcopy_t8_2,100,91.0,2745
14:14:25.429,04_nv_Dcopy_t8_2,100,91.7,2745
14:14:26.438,04_nv_Dcopy_t8_2,100,90.5,2745
14:14:27.444,gap,7,86.7,2745
14:14:28.450,gap,83,85.7,2745
14:14:29.454,gap,99,146.0,2745
14:14:30.456,02_fv_Dcopy1_fv-444_0,99,116.2,2745
14:14:31.457,02_fv_Dcopy1_fv-444_0,99,149.9,2745
14:14:32.460,02_fv_Dcopy1_fv-444_0,99,149.8,2745
14:14:33.464,02_fv_Dcopy1_fv-444_0,99,150.7,2745
14:14:34.467,02_fv_Dcopy1_fv-444_0,99,150.2,2745
14:14:35.469,02_fv_Dcopy1_fv-444_0,99,149.7,2745
14:14:36.473,02_fv_Dcopy1_fv-444_0,99,150.4,2745
14:14:37.477,02_fv_Dcopy1_fv-444_0,99,149.9,2745
14:14:38.485,02_fv_Dcopy1_fv-444_1,12,137.1,2745
14:14:39.488,02_fv_Dcopy1_fv-444_1,99,127.8,2745
14:14:40.489,02_fv_Dcopy1_fv-444_1,99,150.1,2745
14:14:41.491,02_fv_Dcopy1_fv-444_1,99,150.4,2745
14:14:42.493,02_fv_Dcopy1_fv-444_1,99,150.6,2745
14:14:43.495,02_fv_Dcopy1_fv-444_1,99,153.2,2745
14:14:44.497,02_fv_Dcopy1_fv-444_1,99,151.3,2745
14:14:45.499,02_fv_Dcopy1_fv-444_1,99,151.8,2745
14:14:46.500,02_fv_Dcopy1_fv-444_1,99,151.8,2745
14:14:47.506,02_fv_Dcopy1_fv-444_2,97,120.1,2745
14:14:48.514,02_fv_Dcopy1_fv-444_2,99,151.9,2745
14:14:49.520,02_fv_Dcopy1_fv-444_2,98,151.9,2745
14:14:50.529,02_fv_Dcopy1_fv-444_2,99,152.3,2745
14:14:51.535,02_fv_Dcopy1_fv-444_2,99,151.9,2745
14:14:52.543,02_fv_Dcopy1_fv-444_2,99,151.5,2745
14:14:53.549,02_fv_Dcopy1_fv-444_2,99,152.4,2745
14:14:54.554,02_fv_Dcopy1_fv-444_2,99,151.9,2745
14:14:55.555,gap,3,131.2,2745
14:14:56.565,gap,31,80.5,2745
14:14:57.566,gap,0,73.5,2520
14:14:58.566,02_nv_Dcopy1_fv-444_0,0,66.6,2520
14:14:59.575,02_nv_Dcopy1_fv-444_0,0,67.3,2520
14:15:00.584,02_nv_Dcopy1_fv-444_0,0,66.7,2520
14:15:01.594,02_nv_Dcopy1_fv-444_0,9,66.7,2520
14:15:02.603,02_nv_Dcopy1_fv-444_0,0,66.7,2520
14:15:03.613,02_nv_Dcopy1_fv-444_0,23,66.7,2520
14:15:04.621,02_nv_Dcopy1_fv-444_0,0,66.2,2520
14:15:05.630,02_nv_Dcopy1_fv-444_0,0,49.1,975
14:15:06.640,02_nv_Dcopy1_fv-444_0,41,26.8,645
14:15:07.641,02_nv_Dcopy1_fv-444_1,0,31.0,2520
14:15:08.648,02_nv_Dcopy1_fv-444_1,0,66.1,2520
14:15:09.657,02_nv_Dcopy1_fv-444_1,0,66.0,2520
14:15:10.664,02_nv_Dcopy1_fv-444_1,12,65.6,2520
14:15:11.664,02_nv_Dcopy1_fv-444_1,0,65.1,2520
14:15:12.674,02_nv_Dcopy1_fv-444_1,23,65.1,2520
14:15:13.683,02_nv_Dcopy1_fv-444_1,0,65.2,2520
14:15:14.692,02_nv_Dcopy1_fv-444_1,0,48.1,1140
14:15:15.693,02_nv_Dcopy1_fv-444_1,30,27.0,810
14:15:16.693,02_nv_Dcopy1_fv-444_2,0,29.6,2520
14:15:17.693,02_nv_Dcopy1_fv-444_2,0,65.1,2520
14:15:18.702,02_nv_Dcopy1_fv-444_2,7,63.8,2520
14:15:19.703,02_nv_Dcopy1_fv-444_2,0,64.3,2520
14:15:20.712,02_nv_Dcopy1_fv-444_2,0,63.7,2520
14:15:21.722,02_nv_Dcopy1_fv-444_2,23,64.5,2520
14:15:22.731,02_nv_Dcopy1_fv-444_2,0,64.1,2520
14:15:23.740,02_nv_Dcopy1_fv-444_2,0,45.5,1260
14:15:24.749,02_nv_Dcopy1_fv-444_2,0,23.7,705
14:15:25.757,gap,3,37.0,2520
14:15:26.763,gap,99,76.5,2745
14:15:27.764,gap,99,141.6,2745
14:15:28.772,06_fv_Dcopy1_fv-444_0,99,103.4,2745
14:15:29.775,06_fv_Dcopy1_fv-444_0,99,141.7,2745
14:15:30.780,06_fv_Dcopy1_fv-444_0,99,143.2,2745
14:15:31.781,06_fv_Dcopy1_fv-444_0,99,143.5,2745
14:15:32.785,06_fv_Dcopy1_fv-444_0,99,143.5,2745
14:15:33.788,06_fv_Dcopy1_fv-444_0,99,143.7,2745
14:15:34.793,06_fv_Dcopy1_fv-444_0,99,143.4,2745
14:15:35.798,06_fv_Dcopy1_fv-444_0,99,143.6,2745
14:15:36.807,06_fv_Dcopy1_fv-444_1,3,117.3,2745
14:15:37.809,06_fv_Dcopy1_fv-444_1,99,123.1,2745
14:15:38.810,06_fv_Dcopy1_fv-444_1,99,143.2,2745
14:15:39.819,06_fv_Dcopy1_fv-444_1,99,142.4,2745
14:15:40.820,06_fv_Dcopy1_fv-444_1,99,141.9,2745
14:15:41.821,06_fv_Dcopy1_fv-444_1,99,141.4,2745
14:15:42.821,06_fv_Dcopy1_fv-444_1,99,141.2,2745
14:15:43.821,06_fv_Dcopy1_fv-444_1,99,141.1,2745
14:15:44.823,06_fv_Dcopy1_fv-444_2,27,137.2,2745
14:15:45.825,06_fv_Dcopy1_fv-444_2,99,98.1,2745
14:15:46.829,06_fv_Dcopy1_fv-444_2,99,140.7,2745
14:15:47.833,06_fv_Dcopy1_fv-444_2,99,141.0,2745
14:15:48.838,06_fv_Dcopy1_fv-444_2,99,141.1,2745
14:15:49.841,06_fv_Dcopy1_fv-444_2,99,141.5,2745
14:15:50.846,06_fv_Dcopy1_fv-444_2,99,141.5,2745
14:15:51.850,06_fv_Dcopy1_fv-444_2,99,141.8,2745
14:15:52.855,06_fv_Dcopy1_fv-444_2,99,142.3,2745
14:15:53.857,gap,0,106.5,2745
14:15:54.858,06_nv_Dcopy1_fv-444_0,38,78.6,2745
14:15:55.859,06_nv_Dcopy1_fv-444_0,32,67.2,2520
14:15:56.868,06_nv_Dcopy1_fv-444_0,0,63.1,2520
14:15:57.878,06_nv_Dcopy1_fv-444_0,0,63.2,2520
14:15:58.879,06_nv_Dcopy1_fv-444_0,0,63.6,2520
14:15:59.888,06_nv_Dcopy1_fv-444_0,0,62.7,2520
14:16:00.890,06_nv_Dcopy1_fv-444_0,0,63.2,2520
14:16:01.899,06_nv_Dcopy1_fv-444_0,0,62.5,1245
14:16:02.908,06_nv_Dcopy1_fv-444_0,0,44.6,1845
14:16:03.908,06_nv_Dcopy1_fv-444_1,0,54.9,2520
14:16:04.909,06_nv_Dcopy1_fv-444_1,12,63.8,2520
14:16:05.915,06_nv_Dcopy1_fv-444_1,0,63.3,2520
14:16:06.925,06_nv_Dcopy1_fv-444_1,37,63.5,2520
14:16:07.935,06_nv_Dcopy1_fv-444_1,0,64.0,2520
14:16:08.944,06_nv_Dcopy1_fv-444_1,37,63.9,2520
14:16:09.953,06_nv_Dcopy1_fv-444_1,0,63.3,1440
14:16:10.961,06_nv_Dcopy1_fv-444_1,0,51.1,2415
14:16:11.970,06_nv_Dcopy1_fv-444_2,38,57.7,2520
14:16:12.970,06_nv_Dcopy1_fv-444_2,37,63.6,2520
14:16:13.978,06_nv_Dcopy1_fv-444_2,0,63.0,2520
14:16:14.986,06_nv_Dcopy1_fv-444_2,29,63.1,2520
14:16:15.995,06_nv_Dcopy1_fv-444_2,0,63.4,2520
14:16:17.005,06_nv_Dcopy1_fv-444_2,0,62.9,2520
14:16:18.005,06_nv_Dcopy1_fv-444_2,0,63.7,2520
14:16:19.014,06_nv_Dcopy1_fv-444_2,0,63.5,1335
14:16:20.024,06_nv_Dcopy1_fv-444_2,0,43.4,2565
14:16:21.032,gap,3,67.4,2565
14:16:22.041,gap,2,78.9,2745
14:16:23.043,gap,99,132.0,2745
14:16:24.049,03_fv_Dcopy1_fv-444_0,3,102.2,2745
14:16:25.051,03_fv_Dcopy1_fv-444_0,99,131.3,2745
14:16:26.054,03_fv_Dcopy1_fv-444_0,99,146.6,2745
14:16:27.056,03_fv_Dcopy1_fv-444_0,99,146.9,2745
14:16:28.059,03_fv_Dcopy1_fv-444_0,99,147.2,2745
14:16:29.060,03_fv_Dcopy1_fv-444_0,99,146.6,2745
14:16:30.062,03_fv_Dcopy1_fv-444_0,99,146.7,2745
14:16:31.064,03_fv_Dcopy1_fv-444_0,99,146.6,2745
14:16:32.072,03_fv_Dcopy1_fv-444_1,59,143.7,2745
14:16:33.081,03_fv_Dcopy1_fv-444_1,99,94.6,2745
14:16:34.083,03_fv_Dcopy1_fv-444_1,99,146.8,2745
14:16:35.084,03_fv_Dcopy1_fv-444_1,99,146.6,2745
14:16:36.086,03_fv_Dcopy1_fv-444_1,99,146.5,2745
14:16:37.089,03_fv_Dcopy1_fv-444_1,99,146.4,2745
14:16:38.095,03_fv_Dcopy1_fv-444_1,99,146.4,2745
14:16:39.099,03_fv_Dcopy1_fv-444_1,99,146.2,2745
14:16:40.102,03_fv_Dcopy1_fv-444_1,99,146.1,2745
14:16:41.111,03_fv_Dcopy1_fv-444_2,20,125.4,2745
14:16:42.117,03_fv_Dcopy1_fv-444_2,99,106.7,2745
14:16:43.120,03_fv_Dcopy1_fv-444_2,99,147.0,2745
14:16:44.122,03_fv_Dcopy1_fv-444_2,99,147.1,2745
14:16:45.125,03_fv_Dcopy1_fv-444_2,99,147.7,2745
14:16:46.129,03_fv_Dcopy1_fv-444_2,99,148.0,2745
14:16:47.132,03_fv_Dcopy1_fv-444_2,99,148.1,2745
14:16:48.137,03_fv_Dcopy1_fv-444_2,99,148.5,2745
14:16:49.139,03_fv_Dcopy1_fv-444_2,99,148.6,2745
14:16:50.145,gap,0,109.9,2745
14:16:51.148,03_nv_Dcopy1_fv-444_0,0,78.6,2745
14:16:52.154,03_nv_Dcopy1_fv-444_0,0,70.5,2520
14:16:53.163,03_nv_Dcopy1_fv-444_0,0,65.6,2520
14:16:54.163,03_nv_Dcopy1_fv-444_0,0,65.4,2520
14:16:55.172,03_nv_Dcopy1_fv-444_0,0,65.2,2520
14:16:56.180,03_nv_Dcopy1_fv-444_0,0,64.9,2520
14:16:57.188,03_nv_Dcopy1_fv-444_0,0,65.3,2520
14:16:58.195,03_nv_Dcopy1_fv-444_0,37,65.5,1440
14:16:59.203,03_nv_Dcopy1_fv-444_0,0,33.9,1485
14:17:00.211,03_nv_Dcopy1_fv-444_1,0,59.2,2745
14:17:01.221,03_nv_Dcopy1_fv-444_1,0,78.8,2745
14:17:02.228,03_nv_Dcopy1_fv-444_1,0,68.2,2520
14:17:03.237,03_nv_Dcopy1_fv-444_1,0,65.6,2520
14:17:04.246,03_nv_Dcopy1_fv-444_1,0,65.6,2520
14:17:05.256,03_nv_Dcopy1_fv-444_1,0,65.3,2520
14:17:06.264,03_nv_Dcopy1_fv-444_1,0,65.6,2520
14:17:07.270,03_nv_Dcopy1_fv-444_1,100,51.2,1590
14:17:08.277,03_nv_Dcopy1_fv-444_1,0,38.2,2745
14:17:09.286,03_nv_Dcopy1_fv-444_2,25,79.5,2745
14:17:10.295,03_nv_Dcopy1_fv-444_2,0,74.3,2520
14:17:11.303,03_nv_Dcopy1_fv-444_2,0,65.3,2520
14:17:12.312,03_nv_Dcopy1_fv-444_2,0,65.6,2520
14:17:13.319,03_nv_Dcopy1_fv-444_2,0,65.9,2520
14:17:14.326,03_nv_Dcopy1_fv-444_2,0,65.9,2520
14:17:15.335,03_nv_Dcopy1_fv-444_2,0,66.5,2520
14:17:16.344,03_nv_Dcopy1_fv-444_2,100,52.9,2745
14:17:17.353,03_nv_Dcopy1_fv-444_2,0,74.3,2745
14:17:18.359,gap,3,78.2,2520
14:17:19.365,gap,7,77.7,2745
14:17:20.373,gap,99,108.5,2745
14:17:21.383,04_fv_Dcopy1_fv-444_0,2,127.3,2745
14:17:22.386,04_fv_Dcopy1_fv-444_0,99,100.5,2745
14:17:23.387,04_fv_Dcopy1_fv-444_0,99,141.7,2745
14:17:24.391,04_fv_Dcopy1_fv-444_0,99,141.1,2745
14:17:25.394,04_fv_Dcopy1_fv-444_0,99,141.0,2745
14:17:26.398,04_fv_Dcopy1_fv-444_0,99,144.5,2745
14:17:27.408,04_fv_Dcopy1_fv-444_0,99,144.0,2745
14:17:28.409,04_fv_Dcopy1_fv-444_0,99,142.7,2745
14:17:29.412,04_fv_Dcopy1_fv-444_0,99,142.7,2745
14:17:30.414,04_fv_Dcopy1_fv-444_1,15,112.4,2745
14:17:31.415,04_fv_Dcopy1_fv-444_1,99,105.6,2745
14:17:32.417,04_fv_Dcopy1_fv-444_1,99,143.2,2745
14:17:33.421,04_fv_Dcopy1_fv-444_1,99,143.5,2745
14:17:34.424,04_fv_Dcopy1_fv-444_1,99,142.5,2745
14:17:35.433,04_fv_Dcopy1_fv-444_1,99,142.9,2745
14:17:36.436,04_fv_Dcopy1_fv-444_1,99,143.1,2745
14:17:37.439,04_fv_Dcopy1_fv-444_1,99,141.9,2745
14:17:38.440,04_fv_Dcopy1_fv-444_1,99,143.2,2745
14:17:39.441,04_fv_Dcopy1_fv-444_2,3,107.6,2745
14:17:40.444,04_fv_Dcopy1_fv-444_2,99,116.3,2745
14:17:41.447,04_fv_Dcopy1_fv-444_2,99,142.0,2745
14:17:42.450,04_fv_Dcopy1_fv-444_2,99,142.6,2745
14:17:43.454,04_fv_Dcopy1_fv-444_2,99,141.8,2745
14:17:44.457,04_fv_Dcopy1_fv-444_2,99,141.3,2745
14:17:45.460,04_fv_Dcopy1_fv-444_2,99,142.3,2745
14:17:46.462,04_fv_Dcopy1_fv-444_2,99,142.4,2745
14:17:47.463,04_fv_Dcopy1_fv-444_2,99,141.8,2745
14:17:48.464,gap,0,95.5,2745
14:17:49.464,04_nv_Dcopy1_fv-444_0,0,79.3,2520
14:17:50.474,04_nv_Dcopy1_fv-444_0,0,67.9,2520
14:17:51.484,04_nv_Dcopy1_fv-444_0,0,66.5,2520
14:17:52.484,04_nv_Dcopy1_fv-444_0,0,66.1,2520
14:17:53.491,04_nv_Dcopy1_fv-444_0,0,66.0,2520
14:17:54.502,04_nv_Dcopy1_fv-444_0,0,66.0,2520
14:17:55.511,04_nv_Dcopy1_fv-444_0,0,65.6,2520
14:17:56.521,04_nv_Dcopy1_fv-444_0,0,55.4,2745
14:17:57.530,04_nv_Dcopy1_fv-444_0,0,79.1,2745
14:17:58.536,04_nv_Dcopy1_fv-444_1,31,72.4,2520
14:17:59.545,04_nv_Dcopy1_fv-444_1,0,66.0,2520
14:18:00.545,04_nv_Dcopy1_fv-444_1,16,66.5,2520
14:18:01.554,04_nv_Dcopy1_fv-444_1,44,66.8,2520
14:18:02.564,04_nv_Dcopy1_fv-444_1,54,66.8,2520
14:18:03.565,04_nv_Dcopy1_fv-444_1,51,66.6,2520
14:18:04.566,04_nv_Dcopy1_fv-444_1,22,66.3,2520
14:18:05.566,04_nv_Dcopy1_fv-444_1,100,48.4,1380
14:18:06.574,04_nv_Dcopy1_fv-444_1,5,70.6,2745
14:18:07.583,04_nv_Dcopy1_fv-444_2,0,79.3,2520
14:18:08.585,04_nv_Dcopy1_fv-444_2,0,65.3,2520
14:18:09.585,04_nv_Dcopy1_fv-444_2,0,64.6,2520
14:18:10.591,04_nv_Dcopy1_fv-444_2,0,64.6,2520
14:18:11.601,04_nv_Dcopy1_fv-444_2,0,64.4,2520
14:18:12.602,04_nv_Dcopy1_fv-444_2,0,64.7,2520
14:18:13.609,04_nv_Dcopy1_fv-444_2,0,64.5,2520
14:18:14.610,04_nv_Dcopy1_fv-444_2,0,62.2,2745
