time,label,cpu_pct,clock_mhz
14:18:16.508,02_as-is_n1,4,4501
14:18:17.510,02_as-is_n1,4,4501
14:18:18.513,02_as-is_n1,3,4501
14:18:19.516,02_as-is_n1,4,4501
14:18:20.518,02_as-is_n1,3,4501
14:18:21.519,02_as-is_n1,4,4501
14:18:22.521,02_as-is_n1,4,4501
14:18:23.524,02_as-is_n1,4,4501
14:18:24.526,02_as-is_n1,3,4501
14:18:25.527,02_as-is_n8,8,4501
14:18:26.527,02_as-is_n8,26,4501
14:18:27.532,02_as-is_n8,26,4501
14:18:28.536,02_as-is_n8,26,4501
14:18:29.540,02_as-is_n8,26,4501
14:18:30.548,02_as-is_n8,26,4501
14:18:31.555,02_as-is_n8,25,4501
14:18:32.563,02_as-is_n8,26,4501
14:18:33.573,02_as-is_n8,26,4501
14:18:34.581,02_as-is_n8,31,4501
14:18:35.583,02_as-is_n16,48,4501
14:18:36.591,02_as-is_n16,53,4501
14:18:37.597,02_as-is_n16,51,4501
14:18:38.604,02_as-is_n16,50,4501
14:18:39.606,02_as-is_n16,50,4501
14:18:40.612,02_as-is_n16,51,4501
14:18:41.613,02_as-is_n16,50,4501
14:18:42.618,02_as-is_n16,50,4501
14:18:43.627,02_as-is_n16,51,4501
14:18:44.636,02_fv-444_n1,25,4501
14:18:45.646,02_fv-444_n1,4,4501
14:18:46.655,02_fv-444_n1,4,4501
14:18:47.663,02_fv-444_n1,3,4501
14:18:48.664,02_fv-444_n1,4,4501
14:18:49.673,02_fv-444_n1,3,4501
14:18:50.681,02_fv-444_n1,3,4501
14:18:51.683,02_fv-444_n1,4,4501
14:18:52.685,02_fv-444_n1,4,4501
14:18:53.692,02_fv-444_n8,7,4501
14:18:54.693,02_fv-444_n8,26,4501
14:18:55.695,02_fv-444_n8,27,4501
14:18:56.705,02_fv-444_n8,26,4501
14:18:57.713,02_fv-444_n8,25,4501
14:18:58.723,02_fv-444_n8,26,4501
14:18:59.725,02_fv-444_n8,28,4501
14:19:00.726,02_fv-444_n8,27,4501
14:19:01.733,02_fv-444_n8,26,4501
14:19:02.742,02_fv-444_n8,25,4501
14:19:03.750,02_fv-444_n16,43,4501
14:19:04.752,02_fv-444_n16,51,4501
14:19:05.756,02_fv-444_n16,53,4501
14:19:06.759,02_fv-444_n16,49,4501
14:19:07.764,02_fv-444_n16,51,4501
14:19:08.771,02_fv-444_n16,50,4501
14:19:09.777,02_fv-444_n16,50,4501
14:19:10.781,02_fv-444_n16,52,4501
14:19:11.788,02_fv-444_n16,49,4501
14:19:12.793,06_as-is_n1,35,4501
14:19:13.794,06_as-is_n1,5,4501
14:19:14.804,06_as-is_n1,4,4501
14:19:15.814,06_as-is_n1,3,4501
14:19:16.815,06_as-is_n1,3,4501
14:19:17.825,06_as-is_n1,4,4501
14:19:18.825,06_as-is_n1,4,4501
14:19:19.834,06_as-is_n1,3,4501
14:19:20.844,06_as-is_n1,4,4501
14:19:21.845,06_as-is_n1,3,4501
14:19:22.848,06_as-is_n8,11,4501
14:19:23.857,06_as-is_n8,25,4501
14:19:24.867,06_as-is_n8,28,4501
14:19:25.876,06_as-is_n8,31,4501
14:19:26.884,06_as-is_n8,27,4501
14:19:27.888,06_as-is_n8,27,4501
14:19:28.889,06_as-is_n8,25,4501
14:19:29.896,06_as-is_n8,26,4501
14:19:30.901,06_as-is_n8,25,4501
14:19:31.911,06_as-is_n8,25,4501
14:19:32.921,06_as-is_n16,45,4501
14:19:33.921,06_as-is_n16,51,4501
14:19:34.927,06_as-is_n16,51,4501
14:19:35.935,06_as-is_n16,51,4501
14:19:36.935,06_as-is_n16,50,4501
14:19:37.945,06_as-is_n16,51,4501
14:19:38.955,06_as-is_n16,50,4501
14:19:39.964,06_as-is_n16,50,4501
14:19:40.969,06_as-is_n16,50,4501
14:19:41.971,06_as-is_n16,44,4501
14:19:42.979,06_fv-444_n1,5,4501
14:19:43.988,06_fv-444_n1,3,4501
14:19:44.997,06_fv-444_n1,4,4501
14:19:46.004,06_fv-444_n1,3,4501
14:19:47.013,06_fv-444_n1,3,4501
14:19:48.022,06_fv-444_n1,4,4501
14:19:49.030,06_fv-444_n1,3,4501
14:19:50.038,06_fv-444_n1,3,4501
14:19:51.048,06_fv-444_n1,4,4501
14:19:52.051,06_fv-444_n8,11,4501
14:19:53.051,06_fv-444_n8,26,4501
14:19:54.051,06_fv-444_n8,25,4501
14:19:55.052,06_fv-444_n8,26,4501
14:19:56.058,06_fv-444_n8,25,4501
14:19:57.058,06_fv-444_n8,26,4501
14:19:58.058,06_fv-444_n8,26,4501
14:19:59.059,06_fv-444_n8,25,4501
14:20:00.061,06_fv-444_n8,27,4501
14:20:01.063,06_fv-444_n8,27,4501
14:20:02.069,06_fv-444_n16,42,4501
14:20:03.073,06_fv-444_n16,51,4501
14:20:04.083,06_fv-444_n16,50,4501
14:20:05.085,06_fv-444_n16,50,4501
14:20:06.091,06_fv-444_n16,51,4501
14:20:07.098,06_fv-444_n16,50,4501
14:20:08.107,06_fv-444_n16,51,4501
14:20:09.108,06_fv-444_n16,51,4501
14:20:10.115,06_fv-444_n16,49,4501
14:20:11.116,06_fv-444_n16,43,4501
14:20:12.118,03_as-is_n1,6,4501
14:20:13.120,03_as-is_n1,3,4501
14:20:14.122,03_as-is_n1,4,4501
14:20:15.125,03_as-is_n1,4,4501
14:20:16.126,03_as-is_n1,3,4501
14:20:17.128,03_as-is_n1,3,4501
14:20:18.130,03_as-is_n1,4,4501
14:20:19.132,03_as-is_n1,3,4501
14:20:20.133,03_as-is_n1,4,4501
14:20:21.137,03_as-is_n8,6,4501
14:20:22.138,03_as-is_n8,26,4501
14:20:23.146,03_as-is_n8,25,4501
14:20:24.149,03_as-is_n8,25,4501
14:20:25.158,03_as-is_n8,26,4501
14:20:26.159,03_as-is_n8,24,4501
14:20:27.169,03_as-is_n8,25,4501
14:20:28.176,03_as-is_n8,25,4501
14:20:29.177,03_as-is_n8,25,4501
14:20:30.177,03_as-is_n8,26,4501
14:20:31.180,03_as-is_n16,40,4501
14:20:32.189,03_as-is_n16,50,4501
14:20:33.192,03_as-is_n16,52,4501
14:20:34.195,03_as-is_n16,50,4501
14:20:35.195,03_as-is_n16,50,4501
14:20:36.197,03_as-is_n16,50,4501
14:20:37.200,03_as-is_n16,50,4501
14:20:38.207,03_as-is_n16,50,4501
14:20:39.209,03_as-is_n16,50,4501
14:20:40.210,03_as-is_n16,49,4501
14:20:41.211,03_fv-444_n1,12,4501
14:20:42.214,03_fv-444_n1,4,4501
14:20:43.224,03_fv-444_n1,4,4501
14:20:44.225,03_fv-444_n1,4,4501
14:20:45.227,03_fv-444_n1,4,4501
14:20:46.230,03_fv-444_n1,3,4501
14:20:47.232,03_fv-444_n1,4,4501
14:20:48.236,03_fv-444_n1,4,4501
14:20:49.238,03_fv-444_n1,2,4501
14:20:50.242,03_fv-444_n8,4,4501
14:20:51.243,03_fv-444_n8,25,4501
14:20:52.245,03_fv-444_n8,26,4501
14:20:53.253,03_fv-444_n8,26,4501
14:20:54.261,03_fv-444_n8,27,4501
14:20:55.261,03_fv-444_n8,31,4501
14:20:56.270,03_fv-444_n8,30,4501
14:20:57.271,03_fv-444_n8,28,4501
14:20:58.273,03_fv-444_n8,25,4501
14:20:59.282,03_fv-444_n8,25,4501
14:21:00.287,03_fv-444_n16,35,4501
14:21:01.288,03_fv-444_n16,52,4501
14:21:02.296,03_fv-444_n16,52,4501
14:21:03.297,03_fv-444_n16,51,4501
14:21:04.302,03_fv-444_n16,51,4501
14:21:05.311,03_fv-444_n16,50,4501
14:21:06.320,03_fv-444_n16,51,4501
14:21:07.320,03_fv-444_n16,51,4501
14:21:08.330,03_fv-444_n16,50,4501
14:21:09.331,03_fv-444_n16,51,4501
14:21:10.337,04_as-is_n1,20,4501
14:21:11.345,04_as-is_n1,4,4501
14:21:12.352,04_as-is_n1,3,4501
14:21:13.361,04_as-is_n1,4,4501
14:21:14.370,04_as-is_n1,4,4501
14:21:15.379,04_as-is_n1,4,4501
14:21:16.389,04_as-is_n1,4,4501
14:21:17.399,04_as-is_n1,3,4501
14:21:18.407,04_as-is_n1,3,4501
14:21:19.415,04_as-is_n8,6,4501
14:21:20.419,04_as-is_n8,25,4501
14:21:21.428,04_as-is_n8,26,4501
14:21:22.428,04_as-is_n8,25,4501
14:21:23.429,04_as-is_n8,26,4501
14:21:24.429,04_as-is_n8,25,4501
14:21:25.439,04_as-is_n8,26,4501
14:21:26.439,04_as-is_n8,26,4501
14:21:27.447,04_as-is_n8,30,4501
14:21:28.456,04_as-is_n8,26,4501
14:21:29.458,04_as-is_n16,35,4501
14:21:30.463,04_as-is_n16,52,4501
14:21:31.469,04_as-is_n16,51,4501
14:21:32.470,04_as-is_n16,50,4501
14:21:33.470,04_as-is_n16,50,4501
14:21:34.483,04_as-is_n16,52,4501
14:21:35.483,04_as-is_n16,63,4501
14:21:36.485,04_as-is_n16,62,4501
14:21:37.487,04_as-is_n16,62,4501
14:21:38.494,04_as-is_n16,50,4501
14:21:39.500,04_fv-444_n1,10,4501
14:21:40.509,04_fv-444_n1,4,4501
14:21:41.512,04_fv-444_n1,4,4501
14:21:42.517,04_fv-444_n1,4,4501
14:21:43.518,04_fv-444_n1,4,4501
14:21:44.527,04_fv-444_n1,5,4501
14:21:45.528,04_fv-444_n1,4,4501
14:21:46.537,04_fv-444_n1,2,4501
14:21:47.541,04_fv-444_n1,5,4501
14:21:48.551,04_fv-444_n8,5,4501
14:21:49.559,04_fv-444_n8,26,4501
14:21:50.568,04_fv-444_n8,25,4501
14:21:51.577,04_fv-444_n8,30,4501
14:21:52.583,04_fv-444_n8,26,4501
14:21:53.589,04_fv-444_n8,30,4501
14:21:54.590,04_fv-444_n8,25,4501
14:21:55.600,04_fv-444_n8,26,4501
14:21:56.601,04_fv-444_n8,26,4501
14:21:57.602,04_fv-444_n8,26,4501
14:21:58.605,04_fv-444_n16,31,4501
14:21:59.610,04_fv-444_n16,51,4501
14:22:00.618,04_fv-444_n16,52,4501
14:22:01.619,04_fv-444_n16,54,4501
14:22:02.622,04_fv-444_n16,50,4501
14:22:03.629,04_fv-444_n16,52,4501
14:22:04.632,04_fv-444_n16,49,4501
14:22:05.636,04_fv-444_n16,51,4501
14:22:06.637,04_fv-444_n16,50,4501
14:22:07.638,04_fv-444_n16,50,4501
