point,round,fps,seconds,samples,util_max,power_max_w,power_mean_w,clean
04_fv_D_as-is,0,1.2449,7.9,8,55,85.0,65.3,yes
04_fv_D_fv-444,0,84.1697,21.7,21,92,135.3,132.3,yes
04_fv_D_fv-422,0,91.2907,22.6,23,93,140.4,135.7,yes
04_fv_D_fv-420,0,118.8473,26.5,26,93,131.4,130.0,yes
04_fv_D_as-is,1,1.2106,8.1,8,31,115.4,73.0,yes
04_fv_D_fv-444,1,84.2873,21.6,22,91,135.2,127.9,yes
04_fv_D_fv-422,1,91.2856,22.5,22,93,134.9,132.7,yes
04_fv_D_fv-420,1,115.2816,26.8,27,93,128.8,126.2,yes
04_fv_D_as-is,2,1.2231,8.0,8,14,91.1,64.8,yes
04_fv_D_fv-444,2,84.1688,21.7,21,92,135.8,131.8,yes
04_fv_D_fv-422,2,91.2362,22.5,23,93,139.9,136.3,yes
04_fv_D_fv-420,2,118.7680,26.5,26,93,131.1,129.3,yes
04_nv_D_as-is,0,2.1329,8.7,9,36,64.8,60.6,yes
04_nv_D_fv-444,0,2.1020,8.9,8,36,64.7,62.0,yes
04_nv_D_fv-422,0,2.4834,8.7,9,24,64.9,59.3,yes
04_nv_D_fv-420,0,2.8365,8.7,9,19,62.8,54.4,yes
04_nv_D_as-is,1,2.0260,9.2,9,78,62.9,51.6,yes
04_nv_D_fv-444,1,2.0887,8.9,9,36,63.5,55.7,yes
04_nv_D_fv-422,1,2.5129,8.6,8,22,62.6,57.9,yes
04_nv_D_fv-420,1,2.7938,8.8,9,19,64.0,51.8,yes
04_nv_D_as-is,2,2.1877,8.5,9,21,64.2,57.1,yes
04_nv_D_fv-444,2,1.9875,9.3,9,100,64.0,53.0,yes
04_nv_D_fv-422,2,2.4979,8.7,9,24,64.1,56.9,yes
04_nv_D_fv-420,2,2.7809,8.9,8,28,63.9,55.0,yes
04_nv_D_as-is,3,2.1813,8.6,9,36,63.7,56.7,yes
04_nv_D_fv-444,3,2.1274,8.8,9,92,64.5,62.3,yes
04_nv_D_fv-422,3,2.6163,8.3,8,26,65.9,63.7,yes
04_nv_D_fv-420,3,2.8437,8.7,8,19,65.1,60.0,yes
04_nv_D_as-is,4,2.1020,8.9,9,87,66.1,56.6,yes
04_nv_D_fv-444,4,2.1283,8.8,9,36,65.6,57.7,yes
04_nv_D_fv-422,4,2.4602,8.8,9,12,65.3,55.2,yes
04_nv_D_fv-420,4,2.8145,8.8,8,0,66.0,59.2,yes
04_nv_D_as-is,5,2.1776,8.6,9,100,66.6,59.7,yes
04_nv_D_fv-444,5,1.9802,9.4,9,100,66.7,57.9,yes
04_nv_D_fv-422,5,2.5200,8.6,9,42,66.9,57.4,yes
04_nv_D_fv-420,5,2.8333,8.7,8,10,66.2,58.3,yes
04_nv_D_as-is,6,2.0624,9.0,9,100,67.6,59.5,yes
04_nv_D_fv-444,6,2.1256,8.8,9,28,73.1,60.1,yes
04_nv_D_fv-422,6,2.5007,8.7,9,25,67.2,60.3,yes
04_nv_D_fv-420,6,2.7358,9.0,9,17,66.8,53.6,yes
04_nv_D_as-is,7,2.1620,8.6,8,100,67.6,60.6,yes
04_nv_D_fv-444,7,2.1065,8.9,9,32,67.6,61.9,yes
04_nv_D_fv-422,7,2.5078,8.6,9,29,67.2,59.1,yes
04_nv_D_fv-420,7,2.8026,8.8,8,80,68.0,57.9,yes
04_nv_D_as-is,8,2.1761,8.6,9,36,69.3,63.4,no
04_nv_D_fv-444,8,2.1241,8.8,9,70,68.6,65.1,no
04_nv_D_fv-422,8,2.4925,8.7,8,25,68.6,65.9,yes
04_nv_D_fv-420,8,2.8531,8.7,9,48,66.9,54.3,yes
04_nv_D_as-is,9,2.1658,8.6,8,29,67.1,61.4,yes
04_nv_D_fv-444,9,2.1135,8.8,9,37,66.7,64.4,no
04_nv_D_fv-422,9,2.4387,8.9,9,35,67.7,56.5,yes
04_nv_D_fv-420,9,2.7751,8.9,9,40,64.3,52.2,yes
04_fv_E,0,135.3288,27.3,28,99,283.2,143.4,yes
04_nv_E,0,94.0601,8.7,8,99,284.4,256.1,yes
04_fv_E,1,135.4712,27.3,27,99,284.8,142.4,yes
04_nv_E,1,94.1088,8.7,9,99,283.0,250.2,yes
04_fv_E,2,135.2811,27.3,27,99,225.6,138.0,yes
04_nv_E,2,94.1203,8.7,9,99,281.5,247.6,yes
02_fv_Dcopy_t8,0,74.3353,7.3,7,100,165.9,150.3,yes
02_fv_Dcopy_t8,1,71.4514,7.5,7,100,161.5,147.8,yes
02_fv_Dcopy_t8,2,71.4807,7.5,8,100,161.2,147.7,yes
02_nv_Dcopy_t8,0,24.5409,9.8,10,99,86.4,79.5,yes
02_nv_Dcopy_t8,1,24.2266,9.9,10,93,85.9,80.1,yes
02_nv_Dcopy_t8,2,24.9262,9.7,10,97,86.7,80.7,yes
06_fv_Dcopy_t6,0,51.5081,7.1,7,100,154.3,138.6,yes
06_fv_Dcopy_t6,1,50.5042,7.2,7,100,155.4,138.4,yes
06_fv_Dcopy_t6,2,51.3554,7.1,7,100,155.9,139.8,yes
06_nv_Dcopy_t8,0,17.4637,11.0,11,100,89.6,81.2,yes
06_nv_Dcopy_t8,1,17.2569,11.1,11,100,90.8,81.5,yes
06_nv_Dcopy_t8,2,17.3344,11.1,11,100,91.9,82.2,yes
03_fv_Dcopy_t5,0,38.1073,7.3,7,100,164.4,144.1,yes
03_fv_Dcopy_t5,1,37.9097,7.3,7,100,159.5,141.0,yes
03_fv_Dcopy_t5,2,37.8807,7.3,8,100,162.6,144.8,yes
03_nv_Dcopy_t8,0,13.0709,11.8,12,100,89.2,79.2,yes
03_nv_Dcopy_t8,1,13.0980,11.7,11,100,88.9,77.7,yes
03_nv_Dcopy_t8,2,13.1258,11.7,12,100,88.1,78.2,yes
04_fv_Dcopy_t4,0,37.2982,7.3,8,100,147.8,130.6,yes
04_fv_Dcopy_t4,1,37.4782,7.1,7,100,148.5,132.5,yes
04_fv_Dcopy_t4,2,37.3223,7.2,7,100,149.5,132.6,yes
04_nv_Dcopy_t8,0,13.2558,11.7,11,100,89.5,79.0,yes
04_nv_Dcopy_t8,1,13.2718,11.4,12,100,91.6,80.7,yes
04_nv_Dcopy_t8,2,13.2650,11.6,11,100,91.8,80.3,yes
02_fv_Dcopy1_fv-444,0,63.3556,8.5,8,99,150.7,145.8,yes
02_fv_Dcopy1_fv-444,1,63.3572,8.4,9,99,153.2,147.1,yes
02_fv_Dcopy1_fv-444,2,63.3922,8.5,8,99,152.4,148.0,yes
02_nv_Dcopy1_fv-444,0,3.1653,9.0,9,41,67.3,60.3,yes
02_nv_Dcopy1_fv-444,1,3.1813,9.0,9,30,66.1,55.5,yes
02_nv_Dcopy1_fv-444,2,3.1721,9.0,9,23,65.1,53.8,yes
06_fv_Dcopy1_fv-444,0,45.3223,8.4,8,99,143.7,138.3,yes
06_fv_Dcopy1_fv-444,1,45.3223,8.4,8,99,143.2,136.5,yes
06_fv_Dcopy1_fv-444,2,45.3612,8.5,9,99,142.3,136.1,yes
06_nv_Dcopy1_fv-444,0,2.4170,8.5,9,38,78.6,63.2,yes
06_nv_Dcopy1_fv-444,1,2.4246,8.5,8,37,64.0,61.0,yes
06_nv_Dcopy1_fv-444,2,2.3878,8.6,9,38,63.7,60.5,yes
03_fv_Dcopy1_fv-444,0,34.8472,8.7,8,99,147.2,139.3,yes
03_fv_Dcopy1_fv-444,1,34.9100,8.7,9,99,146.8,140.4,yes
03_fv_Dcopy1_fv-444,2,34.8539,8.7,9,99,148.6,140.8,yes
03_nv_Dcopy1_fv-444,0,1.8300,9.0,9,37,78.6,63.9,yes
03_nv_Dcopy1_fv-444,1,1.8301,9.0,9,100,78.8,62.0,yes
03_nv_Dcopy1_fv-444,2,1.8786,8.8,9,100,79.5,67.8,yes
04_fv_Dcopy1_fv-444,0,34.1904,8.9,9,99,144.5,136.2,yes
04_fv_Dcopy1_fv-444,1,34.1988,8.8,9,99,143.5,135.4,yes
04_fv_Dcopy1_fv-444,2,34.2084,8.8,9,99,142.6,135.4,yes
04_nv_Dcopy1_fv-444,0,2.0138,8.7,9,0,79.3,68.0,yes
04_nv_Dcopy1_fv-444,1,2.0066,8.7,9,100,72.4,65.6,yes
04_nv_Dcopy1_fv-444,2,2.0319,8.6,8,0,79.3,66.2,yes
