frame,mpix,direction,codec,variant,fps,ms_per_frame,gpix_per_s,spread_pct,repeats,trustworthy,repeats_all
04,151.00,D,fv,as-is,1.2231,817.597,0.185,2.80,3,yes,3
04,151.00,D,fv,fv-444,84.1697,11.881,12.710,0.14,3,yes,3
04,151.00,D,fv,fv-422,91.2856,10.955,13.784,0.06,3,yes,3
04,151.00,D,fv,fv-420,118.7680,8.420,17.934,3.00,3,yes,3
04,151.00,D,nv,as-is,2.1620,462.529,0.326,7.48,9,no,10
04,151.00,D,nv,fv-444,2.1065,474.729,0.318,7.03,8,no,10
04,151.00,D,nv,fv-422,2.5007,399.886,0.378,7.10,10,no,10
04,151.00,D,nv,fv-420,2.8145,355.298,0.425,4.17,10,yes,10
04,151.00,E,fv,-,135.3288,7.389,20.435,0.14,3,yes,3
04,151.00,E,nv,-,94.1088,10.626,14.211,0.06,3,yes,3
